ProjectNumber,ProjectWorksiteID, ProposedAnswer , FinalAnswer ,MetricIdentifier,MetricName,Notes
00-1202,NULL, NULL ," $ 5,720.50 ",NULL,Incidental Costs,
00-1202,NULL, NULL ," $ 6,493.64 ",NULL,Administrative Costs,
00-1202,NULL, NULL ," $ 4,409.19 ",NULL,Incidental Costs,
00-1202,NULL, NULL ," $ 150,000.00 ",NULL,Real Property Acquisition Costs,
00-1202,NULL, NULL ," $ 11,365.62 ",NULL,Administrative Costs,
00-1202,314, NULL , NULL ,C.0.a,Habitat Restoration and Acquisition Costs (C.0.a),
00-1206,315, NULL , NULL ,C.0.a,Habitat Restoration and Acquisition Costs (C.0.a),
00-1206,315, NULL ," $ 129,597.00 ",C.4.a,Instream Habitat Costs (C.4.a),
00-1206,315, NULL ," $ 109,540.00 ",C.5.a,Riparian Habitat Costs (C.5.a),
00-1206,315, NULL , NULL ,NULL,General Restoration Activity Costs,Not able to estimate general restoration costs
00-1206,315," $ 28,360.00 "," $ 114,269.42 ",NULL,Architectural & Engineering Costs,
00-1206,315, NULL ," $ 25,000.00 ",C.9.a,Estuarine / Nearshore Costs (C.9.a),
00-1209,NULL, NULL , NULL ,NULL,Incidental Costs,
00-1209,NULL, NULL ," $ 500,000.00 ",NULL,Real Property Acquisition Costs,
00-1209,NULL, NULL ," $ 41,000.00 ",NULL,Administrative Costs,
00-1209,NULL, NULL ," $ 9,094.70 ",NULL,Incidental Costs,
00-1209,NULL, NULL ," $ 1,500,000.00 ",NULL,Real Property Acquisition Costs,
00-1209,NULL, NULL ," $ 39,000.00 ",NULL,Administrative Costs,
00-1209,NULL, NULL , $ 162.45 ,NULL,Incidental Costs,
00-1209,NULL, NULL ," $ 250,000.00 ",NULL,Real Property Acquisition Costs,
00-1209,NULL, NULL , $ 103.04 ,NULL,Administrative Costs,
00-1209,NULL, NULL , NULL ,NULL,Incidental Costs,
00-1209,NULL, NULL , NULL ,NULL,Real Property Acquisition Costs,
00-1209,NULL, NULL , NULL ,NULL,Administrative Costs,
00-1209,317, NULL , NULL ,C.0.a,Habitat Restoration and Acquisition Costs (C.0.a),
00-1764,NULL, NULL ," $ 3,873.03 ",NULL,Incidental Costs,
00-1764,NULL, NULL ," $ 80,000.00 ",NULL,Real Property Acquisition Costs,
00-1764,NULL, NULL ," $ 14,241.40 ",NULL,Administrative Costs,
00-1764,770, NULL , NULL ,C.0.a,Habitat Restoration and Acquisition Costs (C.0.a),
00-1766,771, NULL , NULL ,B.0.a,Planning And Assessment Costs (B.0.a),
00-1766,771, NULL ," $ 190,428.01 ",B.1.a,Planning/Coordination Costs (B.1.a),
00-1768,772, NULL , NULL ,C.0.a,Habitat Restoration and Acquisition Costs (C.0.a),
00-1768,772, NULL ," $ 259,959.00 ",C.2.a,Fish Passage Costs (C.2.a),
00-1768,772, NULL ," $ 5,000.00 ",NULL,General Restoration Activity Costs,
00-1768,772," $ 69,230.00 "," $ 40,687.83 ",NULL,Architectural & Engineering Costs,
00-1770,NULL, NULL ," $ 7,061.85 ",NULL,Incidental Costs,
00-1770,NULL, NULL ," $ 104,500.00 ",NULL,Real Property Acquisition Costs,
00-1770,NULL, NULL , NULL ,NULL,Administrative Costs,
00-1770,NULL, NULL ," $ 4,491.28 ",NULL,Incidental Costs,
00-1770,NULL, NULL ," $ 16,500.00 ",NULL,Real Property Acquisition Costs,
00-1770,NULL, NULL , NULL ,NULL,Administrative Costs,
00-1770,NULL, NULL ," $ 5,075.80 ",NULL,Incidental Costs,
00-1770,NULL, NULL ," $ 10,000.00 ",NULL,Real Property Acquisition Costs,
00-1770,NULL, NULL , NULL ,NULL,Administrative Costs,
00-1770,NULL, NULL ," $ 4,803.95 ",NULL,Incidental Costs,
00-1770,NULL, NULL ," $ 110,000.00 ",NULL,Real Property Acquisition Costs,
00-1770,NULL, NULL , NULL ,NULL,Administrative Costs,
00-1770,NULL, NULL ," $ 2,491.65 ",NULL,Incidental Costs,
00-1770,NULL, NULL ," $ 20,000.00 ",NULL,Real Property Acquisition Costs,
00-1770,NULL, NULL , NULL ,NULL,Administrative Costs,
00-1770,NULL, NULL ," $ 3,293.28 ",NULL,Incidental Costs,
00-1770,NULL, NULL ," $ 20,000.00 ",NULL,Real Property Acquisition Costs,
00-1770,NULL, NULL , NULL ,NULL,Administrative Costs,
00-1770,NULL, NULL ," $ 4,494.28 ",NULL,Incidental Costs,
00-1770,NULL, NULL ," $ 31,500.00 ",NULL,Real Property Acquisition Costs,
00-1770,NULL, NULL , NULL ,NULL,Administrative Costs,
00-1770,NULL, NULL ," $ 4,389.20 ",NULL,Incidental Costs,
00-1770,NULL, NULL ," $ 20,000.00 ",NULL,Real Property Acquisition Costs,
00-1770,NULL, NULL , $ 32.64 ,NULL,Administrative Costs,
00-1770,NULL, NULL ," $ 3,070.43 ",NULL,Incidental Costs,
00-1770,NULL, NULL ," $ 20,000.00 ",NULL,Real Property Acquisition Costs,
00-1770,NULL, NULL , NULL ,NULL,Administrative Costs,
00-1770,NULL, NULL ," $ 3,046.28 ",NULL,Incidental Costs,
00-1770,NULL, NULL ," $ 20,000.00 ",NULL,Real Property Acquisition Costs,
00-1770,NULL, NULL , NULL ,NULL,Administrative Costs,
00-1770,NULL, NULL , $ -   ,NULL,Incidental Costs,
00-1770,NULL, NULL , NULL ,NULL,Real Property Acquisition Costs,
00-1770,NULL, NULL ," $ 17,145.00 ",NULL,Administrative Costs,
00-1770,NULL, NULL , NULL ,NULL,Incidental Costs,
00-1770,NULL, NULL , NULL ,NULL,Real Property Acquisition Costs,
00-1770,NULL, NULL , NULL ,NULL,Administrative Costs,
00-1770,773, NULL , NULL ,C.0.a,Habitat Restoration and Acquisition Costs (C.0.a),
00-1773,NULL, NULL ," $ 13,758.78 ",NULL,Incidental Costs,
00-1773,NULL, NULL ," $ 210,000.00 ",NULL,Real Property Acquisition Costs,
00-1773,NULL, NULL ," $ 14,145.18 ",NULL,Administrative Costs,
00-1773,NULL, NULL ," $ 3,605.80 ",NULL,Incidental Costs,
00-1773,NULL, NULL , NULL ,NULL,Real Property Acquisition Costs,
00-1773,NULL, NULL , NULL ,NULL,Administrative Costs,
00-1773,776, NULL , NULL ,C.0.a,Habitat Restoration and Acquisition Costs (C.0.a),
00-1773,777, NULL , NULL ,C.0.a,Habitat Restoration and Acquisition Costs (C.0.a),
00-1773,778, NULL , NULL ,C.0.a,Habitat Restoration and Acquisition Costs (C.0.a),
00-1775,779, NULL , NULL ,C.0.a,Habitat Restoration and Acquisition Costs (C.0.a),
00-1775,779, NULL ," $ 128,849.00 ",C.6.a,Upland Habitat / Sediment Costs (C.6.a),
00-1775,779, NULL , NULL  ,NULL,General Restoration Activity Costs,Not able to estimate general restoration costs
00-1775,779," $ 13,000.00 ", $ -   ,NULL,Architectural & Engineering Costs,
00-1779,780, NULL , NULL ,C.0.a,Habitat Restoration and Acquisition Costs (C.0.a),
00-1779,780, NULL ," $ 103,320.46 ",C.6.a,Upland Habitat / Sediment Costs (C.6.a),
00-1779,780, NULL ," $ 10,000.00 ",NULL,General Restoration Activity Costs,
00-1779,780," $ 10,000.00 "," $ 7,008.51 ",NULL,Architectural & Engineering Costs,
00-1780,NULL, NULL ," $ 4,370.55 ",NULL,Incidental Costs,
00-1780,NULL, NULL ," $ 22,000.00 ",NULL,Real Property Acquisition Costs,
00-1780,NULL, NULL , NULL ,NULL,Administrative Costs,
00-1780,NULL, NULL , $ 893.83 ,NULL,Incidental Costs,
00-1780,NULL, NULL ," $ 5,000.00 ",NULL,Real Property Acquisition Costs,
00-1780,NULL, NULL , NULL ,NULL,Administrative Costs,
00-1780,NULL, NULL , $ 906.58 ,NULL,Incidental Costs,
00-1780,NULL, NULL ," $ 5,000.00 ",NULL,Real Property Acquisition Costs,
00-1780,NULL, NULL , NULL ,NULL,Administrative Costs,
00-1780,NULL, NULL ," $ 5,891.83 ",NULL,Incidental Costs,
00-1780,NULL, NULL ," $ 5,000.00 ",NULL,Real Property Acquisition Costs,
00-1780,NULL, NULL , NULL ,NULL,Administrative Costs,
00-1780,NULL, NULL , $ 893.83 ,NULL,Incidental Costs,
00-1780,NULL, NULL ," $ 20,000.00 ",NULL,Real Property Acquisition Costs,
00-1780,NULL, NULL , NULL ,NULL,Administrative Costs,
00-1780,NULL, NULL , $ 893.83 ,NULL,Incidental Costs,
00-1780,NULL, NULL ," $ 6,250.00 ",NULL,Real Property Acquisition Costs,
00-1780,NULL, NULL , NULL ,NULL,Administrative Costs,
00-1780,NULL, NULL ," $ 2,676.13 ",NULL,Incidental Costs,
00-1780,NULL, NULL ," $ 20,500.00 ",NULL,Real Property Acquisition Costs,
00-1780,NULL, NULL , NULL ,NULL,Administrative Costs,
00-1780,NULL, NULL ," $ 2,473.00 ",NULL,Incidental Costs,
00-1780,NULL, NULL ," $ 21,500.00 ",NULL,Real Property Acquisition Costs,
00-1780,NULL, NULL , $ 54.40 ,NULL,Administrative Costs,
00-1780,NULL, NULL ," $ 4,621.53 ",NULL,Incidental Costs,
00-1780,NULL, NULL ," $ 21,500.00 ",NULL,Real Property Acquisition Costs,
00-1780,NULL, NULL , NULL ,NULL,Administrative Costs,
00-1780,NULL, NULL ," $ 1,319.53 ",NULL,Incidental Costs,
00-1780,NULL, NULL ," $ 7,500.00 ",NULL,Real Property Acquisition Costs,
00-1780,NULL, NULL , NULL ,NULL,Administrative Costs,
00-1780,NULL, NULL , NULL ,NULL,Incidental Costs,
00-1780,NULL, NULL , NULL ,NULL,Real Property Acquisition Costs,
00-1780,NULL, NULL ," $ 7,666.91 ",NULL,Administrative Costs,
00-1780,NULL, NULL , $ 891.83 ,NULL,Incidental Costs,
00-1780,NULL, NULL ," $ 10,000.00 ",NULL,Real Property Acquisition Costs,
00-1780,NULL, NULL , NULL ,NULL,Administrative Costs,
00-1780,NULL, NULL , $ 891.83 ,NULL,Incidental Costs,
00-1780,NULL, NULL ," $ 20,000.00 ",NULL,Real Property Acquisition Costs,
00-1780,NULL, NULL , NULL ,NULL,Administrative Costs,
00-1780,NULL, NULL , $ 966.57 ,NULL,Incidental Costs,
00-1780,NULL, NULL ," $ 5,000.00 ",NULL,Real Property Acquisition Costs,
00-1780,NULL, NULL , NULL ,NULL,Administrative Costs,
00-1780,NULL, NULL , $ 920.33 ,NULL,Incidental Costs,
00-1780,NULL, NULL ," $ 10,000.00 ",NULL,Real Property Acquisition Costs,
00-1780,NULL, NULL , NULL ,NULL,Administrative Costs,
00-1780,NULL, NULL , $ 901.93 ,NULL,Incidental Costs,
00-1780,NULL, NULL ," $ 5,000.00 ",NULL,Real Property Acquisition Costs,
00-1780,NULL, NULL , NULL ,NULL,Administrative Costs,
00-1780,NULL, NULL , $ 989.41 ,NULL,Incidental Costs,
00-1780,NULL, NULL ," $ 60,000.00 ",NULL,Real Property Acquisition Costs,
00-1780,NULL, NULL , NULL ,NULL,Administrative Costs,
00-1780,NULL, NULL , NULL ,NULL,Incidental Costs,
00-1780,NULL, NULL , NULL ,NULL,Real Property Acquisition Costs,
00-1780,NULL, NULL , NULL ,NULL,Administrative Costs,
00-1780,781, NULL , NULL ,C.0.a,Habitat Restoration and Acquisition Costs (C.0.a),
00-1783,782, NULL , NULL ,B.0.a,Planning And Assessment Costs (B.0.a),
00-1783,782, NULL ," $ 55,000.00 ",B.1.a,Planning/Coordination Costs (B.1.a),
00-1838,823, NULL , NULL ,C.0.a,Habitat Restoration and Acquisition Costs (C.0.a),
00-1838,823, NULL ," $ 111,576.00 ",C.6.a,Upland Habitat / Sediment Costs (C.6.a),
00-1838,823," $ 107,250.00 "," $ 58,528.54 ",NULL,Architectural & Engineering Costs,
01-1193,1096, NULL , NULL ,B.0.a,Planning And Assessment Costs (B.0.a),
01-1193,1096, NULL ," $ 570,350.58 ",B.2.a,Habitat Assessment Costs (B.2.a),
01-1290,NULL, NULL ," $ 27,848.13 ",NULL,Incidental Costs,
01-1290,NULL, NULL ," $ 2,185,000.00 ",NULL,Real Property Acquisition Costs,
01-1290,NULL, NULL , NULL ,NULL,Administrative Costs,
01-1290,1208, NULL , NULL ,C.0.a,Habitat Restoration and Acquisition Costs (C.0.a),
01-1292,NULL, NULL ," $ 5,157.92 ",NULL,Incidental Costs,
01-1292,NULL, NULL ," $ 109,000.00 ",NULL,Real Property Acquisition Costs,
01-1292,NULL, NULL ," $ 7,156.09 ",NULL,Administrative Costs,
01-1292,NULL, NULL ," $ 4,700.00 ",NULL,Incidental Costs,
01-1292,NULL, NULL , NULL ,NULL,Real Property Acquisition Costs,
01-1292,NULL, NULL , NULL ,NULL,Administrative Costs,
01-1292,NULL, NULL ," $ 3,500.00 ",NULL,Incidental Costs,
01-1292,NULL, NULL , NULL ,NULL,Real Property Acquisition Costs,
01-1292,NULL, NULL , NULL ,NULL,Administrative Costs,
01-1292,NULL, NULL ," $ 3,500.00 ",NULL,Incidental Costs,
01-1292,NULL, NULL , NULL ,NULL,Real Property Acquisition Costs,
01-1292,NULL, NULL , NULL ,NULL,Administrative Costs,
01-1292,NULL, NULL , NULL ,NULL,Incidental Costs,
01-1292,NULL, NULL , NULL ,NULL,Real Property Acquisition Costs,
01-1292,NULL, NULL , NULL ,NULL,Administrative Costs,
01-1292,1210, NULL , NULL ,C.0.a,Habitat Restoration and Acquisition Costs (C.0.a),
01-1298,NULL, NULL ," $ 97,472.68 ",NULL,Incidental Costs,
01-1298,NULL, NULL ," $ 639,710.00 ",NULL,Real Property Acquisition Costs,
01-1298,NULL, NULL ," $ 22,498.36 ",NULL,Administrative Costs,
01-1298,NULL, NULL , NULL ,NULL,Real Property Acquisition Costs,
01-1298,1217, NULL , NULL ,C.0.a,Habitat Restoration and Acquisition Costs (C.0.a),
01-1298,17169, NULL , NULL ,C.0.a,Habitat Restoration and Acquisition Costs (C.0.a),
01-1304,1221, NULL , NULL ,B.0.a,Planning And Assessment Costs (B.0.a),
01-1304,1221, NULL ," $ 249,520.00 ",B.1.a,Planning/Coordination Costs (B.1.a),
01-1304,1221, NULL , $ -   ,NULL,Permits Costs,
01-1307,1233, NULL , NULL ,C.0.a,Habitat Restoration and Acquisition Costs (C.0.a),
01-1307,1233, NULL ," $ 500,000.00 ",C.2.a,Fish Passage Costs (C.2.a),
01-1307,1233, NULL ," $ 460,000.00 ",C.4.a,Instream Habitat Costs (C.4.a),
01-1307,1233, NULL ," $ 90,761.00 ",C.8.a,Wetland Costs (C.8.a),
01-1307,1233, NULL ," $ 40,000.00 ",NULL,General Restoration Activity Costs,
01-1308,1234, NULL , NULL ,C.0.a,Habitat Restoration and Acquisition Costs (C.0.a),
01-1308,1234, NULL ," $ 150,000.00 ",C.2.a,Fish Passage Costs (C.2.a),
01-1308,1234, NULL , NULL ,NULL,General Restoration Activity Costs,Not able to estimate general restoration costs
01-1308,1234," $ 65,098.00 "," $ 55,639.82 ",NULL,Architectural & Engineering Costs,
01-1308,1235, NULL ," $ 100,000.00 ",C.2.a,Fish Passage Costs (C.2.a),
01-1308,1235, NULL , NULL ,C.0.a,Habitat Restoration and Acquisition Costs (C.0.a),
01-1308,1236, NULL ," $ 128,621.00 ",C.2.a,Fish Passage Costs (C.2.a),
01-1308,1236, NULL , NULL ,C.0.a,Habitat Restoration and Acquisition Costs (C.0.a),
01-1338,NULL, NULL ," $ 6,544.81 ",NULL,Incidental Costs,
01-1338,NULL, NULL ," $ 2,030,000.00 ",NULL,Real Property Acquisition Costs,
01-1338,NULL, NULL , $ 153.72 ,NULL,Administrative Costs,
01-1338,1253, NULL , NULL ,B.0.a,Planning And Assessment Costs (B.0.a),
01-1338,1253, NULL ," $ 171,479.00 ",B.1.a,Planning/Coordination Costs (B.1.a),
01-1338,1253, NULL , NULL ,C.0.a,Habitat Restoration and Acquisition Costs (C.0.a),
01-1422,NULL, NULL ," $ 12,235.67 ",NULL,Incidental Costs,
01-1422,NULL, NULL ," $ 435,000.00 ",NULL,Real Property Acquisition Costs,
01-1422,NULL, NULL ," $ 25,675.31 ",NULL,Administrative Costs,
01-1422,1322, NULL , NULL ,C.0.a,Habitat Restoration and Acquisition Costs (C.0.a),
01-1429,1332, NULL , NULL ,C.0.a,Habitat Restoration and Acquisition Costs (C.0.a),
01-1429,1332, NULL ," $ 973,000.00 ",C.5.a,Riparian Habitat Costs (C.5.a),
01-1429,1332, NULL , NULL ,NULL,General Restoration Activity Costs,Not able to estimate general restoration costs
01-1429,1333, NULL ," $ 31,388.00 ",C.5.a,Riparian Habitat Costs (C.5.a),Incomplete cost information - estimated riparian cost
01-1429,1333, NULL , NULL ,C.0.a,Habitat Restoration and Acquisition Costs (C.0.a),
01-1429,1334, NULL ," $ 31,388.00 ",C.5.a,Riparian Habitat Costs (C.5.a),Incomplete cost information - estimated riparian cost
01-1429,1334, NULL , NULL ,C.0.a,Habitat Restoration and Acquisition Costs (C.0.a),
01-1429,1335, NULL ," $ 31,388.00 ",C.5.a,Riparian Habitat Costs (C.5.a),Incomplete cost information - estimated riparian cost
01-1429,1335, NULL , NULL ,C.0.a,Habitat Restoration and Acquisition Costs (C.0.a),
01-1429,1336, NULL ," $ 31,388.00 ",C.5.a,Riparian Habitat Costs (C.5.a),Incomplete cost information - estimated riparian cost
01-1429,1336, NULL , NULL ,C.0.a,Habitat Restoration and Acquisition Costs (C.0.a),
01-1429,1337, NULL ," $ 31,388.00 ",C.5.a,Riparian Habitat Costs (C.5.a),Incomplete cost information - estimated riparian cost
01-1429,1337, NULL , NULL ,C.0.a,Habitat Restoration and Acquisition Costs (C.0.a),
01-1429,1338, NULL ," $ 31,388.00 ",C.5.a,Riparian Habitat Costs (C.5.a),Incomplete cost information - estimated riparian cost
01-1429,1338, NULL , NULL ,C.0.a,Habitat Restoration and Acquisition Costs (C.0.a),
01-1429,1339, NULL ," $ 31,388.00 ",C.5.a,Riparian Habitat Costs (C.5.a),Incomplete cost information - estimated riparian cost
01-1429,1339, NULL , NULL ,C.0.a,Habitat Restoration and Acquisition Costs (C.0.a),
01-1429,1340, NULL ," $ 31,388.00 ",C.5.a,Riparian Habitat Costs (C.5.a),Incomplete cost information - estimated riparian cost
01-1429,1340, NULL , NULL ,C.0.a,Habitat Restoration and Acquisition Costs (C.0.a),
01-1429,1341, NULL ," $ 31,388.00 ",C.5.a,Riparian Habitat Costs (C.5.a),Incomplete cost information - estimated riparian cost
01-1429,1341, NULL , NULL ,C.0.a,Habitat Restoration and Acquisition Costs (C.0.a),
01-1429,1342, NULL ," $ 31,388.00 ",C.5.a,Riparian Habitat Costs (C.5.a),Incomplete cost information - estimated riparian cost
01-1429,1342, NULL , NULL ,C.0.a,Habitat Restoration and Acquisition Costs (C.0.a),
01-1429,1343, NULL ," $ 31,388.00 ",C.5.a,Riparian Habitat Costs (C.5.a),Incomplete cost information - estimated riparian cost
01-1429,1343, NULL , NULL ,C.0.a,Habitat Restoration and Acquisition Costs (C.0.a),
01-1429,1344, NULL ," $ 31,388.00 ",C.5.a,Riparian Habitat Costs (C.5.a),Incomplete cost information - estimated riparian cost
01-1429,1344, NULL , NULL ,C.0.a,Habitat Restoration and Acquisition Costs (C.0.a),
01-1429,1345, NULL ," $ 31,388.00 ",C.5.a,Riparian Habitat Costs (C.5.a),Incomplete cost information - estimated riparian cost
01-1429,1345, NULL , NULL ,C.0.a,Habitat Restoration and Acquisition Costs (C.0.a),
01-1429,1346, NULL ," $ 31,388.00 ",C.5.a,Riparian Habitat Costs (C.5.a),Incomplete cost information - estimated riparian cost
01-1429,1346, NULL , NULL ,C.0.a,Habitat Restoration and Acquisition Costs (C.0.a),
01-1429,1347, NULL ," $ 31,388.00 ",C.5.a,Riparian Habitat Costs (C.5.a),Incomplete cost information - estimated riparian cost
01-1429,1347, NULL , NULL ,C.0.a,Habitat Restoration and Acquisition Costs (C.0.a),
01-1429,1348, NULL ," $ 31,388.00 ",C.5.a,Riparian Habitat Costs (C.5.a),Incomplete cost information - estimated riparian cost
01-1429,1348, NULL , NULL ,C.0.a,Habitat Restoration and Acquisition Costs (C.0.a),
01-1429,1349, NULL ," $ 31,388.00 ",C.5.a,Riparian Habitat Costs (C.5.a),Incomplete cost information - estimated riparian cost
01-1429,1349, NULL , NULL ,C.0.a,Habitat Restoration and Acquisition Costs (C.0.a),
01-1429,1350, NULL ," $ 31,388.00 ",C.5.a,Riparian Habitat Costs (C.5.a),Incomplete cost information - estimated riparian cost
01-1429,1350, NULL , NULL ,C.0.a,Habitat Restoration and Acquisition Costs (C.0.a),
01-1429,1351, NULL ," $ 31,388.00 ",C.5.a,Riparian Habitat Costs (C.5.a),Incomplete cost information - estimated riparian cost
01-1429,1351, NULL , NULL ,C.0.a,Habitat Restoration and Acquisition Costs (C.0.a),
01-1429,1352, NULL ," $ 31,388.00 ",C.5.a,Riparian Habitat Costs (C.5.a),Incomplete cost information - estimated riparian cost
01-1429,1352, NULL , NULL ,C.0.a,Habitat Restoration and Acquisition Costs (C.0.a),
01-1429,1353, NULL ," $ 31,388.00 ",C.5.a,Riparian Habitat Costs (C.5.a),Incomplete cost information - estimated riparian cost
01-1429,1353, NULL , NULL ,C.0.a,Habitat Restoration and Acquisition Costs (C.0.a),
01-1429,1354, NULL ," $ 31,388.00 ",C.5.a,Riparian Habitat Costs (C.5.a),Incomplete cost information - estimated riparian cost
01-1429,1354, NULL , NULL ,C.0.a,Habitat Restoration and Acquisition Costs (C.0.a),
01-1429,1355, NULL ," $ 31,388.00 ",C.5.a,Riparian Habitat Costs (C.5.a),Incomplete cost information - estimated riparian cost
01-1429,1355, NULL , NULL ,C.0.a,Habitat Restoration and Acquisition Costs (C.0.a),
01-1429,1356, NULL ," $ 31,388.00 ",C.5.a,Riparian Habitat Costs (C.5.a),Incomplete cost information - estimated riparian cost
01-1429,1356, NULL , NULL ,C.0.a,Habitat Restoration and Acquisition Costs (C.0.a),
01-1429,1357, NULL ," $ 31,388.00 ",C.5.a,Riparian Habitat Costs (C.5.a),Incomplete cost information - estimated riparian cost
01-1429,1357, NULL , NULL ,C.0.a,Habitat Restoration and Acquisition Costs (C.0.a),
01-1429,1358, NULL ," $ 31,388.00 ",C.5.a,Riparian Habitat Costs (C.5.a),Incomplete cost information - estimated riparian cost
01-1429,1358, NULL , NULL ,C.0.a,Habitat Restoration and Acquisition Costs (C.0.a),
01-1429,1359, NULL ," $ 31,388.00 ",C.5.a,Riparian Habitat Costs (C.5.a),Incomplete cost information - estimated riparian cost
01-1429,1359, NULL , NULL ,C.0.a,Habitat Restoration and Acquisition Costs (C.0.a),
01-1429,1360, NULL ," $ 31,388.00 ",C.5.a,Riparian Habitat Costs (C.5.a),Incomplete cost information - estimated riparian cost
01-1429,1360, NULL , NULL ,C.0.a,Habitat Restoration and Acquisition Costs (C.0.a),
01-1429,1361, NULL ," $ 31,388.00 ",C.5.a,Riparian Habitat Costs (C.5.a),Incomplete cost information - estimated riparian cost
01-1429,1361, NULL , NULL ,C.0.a,Habitat Restoration and Acquisition Costs (C.0.a),
01-1429,1362, NULL ," $ 31,388.00 ",C.5.a,Riparian Habitat Costs (C.5.a),Incomplete cost information - estimated riparian cost
01-1429,1362, NULL , NULL ,C.0.a,Habitat Restoration and Acquisition Costs (C.0.a),
01-1430,1363, NULL , NULL ,C.0.a,Habitat Restoration and Acquisition Costs (C.0.a),
01-1430,1363, NULL ," $ 93,802.00 ",C.4.a,Instream Habitat Costs (C.4.a),
01-1430,1363, NULL , NULL ,NULL,General Restoration Activity Costs,Not able to estimate general restoration costs
01-1430,1363," $ 34,500.00 "," $ 25,923.04 ",NULL,Architectural & Engineering Costs,
02-1589,NULL, NULL ," $ 10,853.33 ",NULL,Incidental Costs,
02-1589,NULL, NULL ," $ 455,000.00 ",NULL,Real Property Acquisition Costs,
02-1589,NULL, NULL ," $ 6,655.67 ",NULL,Administrative Costs,
02-1589,1785, NULL , NULL ,C.0.a,Habitat Restoration and Acquisition Costs (C.0.a),
02-1589,1785, NULL ," $ 22,497.00 ",C.5.a,Riparian Habitat Costs (C.5.a),
02-1589,1785, NULL ," $ 2,700.00 ",NULL,General Restoration Activity Costs,
02-1589,1785," $ 18,692.00 "," $ 26,207.08 ",NULL,Architectural & Engineering Costs,
02-1596,1788, NULL , NULL ,C.0.a,Habitat Restoration and Acquisition Costs (C.0.a),
02-1596,1788, NULL ," $ 236,658.00 ",C.6.a,Upland Habitat / Sediment Costs (C.6.a),
02-1596,1788, NULL ," $ 20,000.00 ",C.11.a,Site Stewardship Costs (C.11.a),
02-1596,1788," $ 52,500.00 "," $ 44,064.95 ",NULL,Architectural & Engineering Costs,
02-1606,1792, NULL , NULL ,C.0.a,Habitat Restoration and Acquisition Costs (C.0.a),
02-1606,1792, NULL ," $ 90,000.00 ",C.4.a,Instream Habitat Costs (C.4.a),
02-1606,1792, NULL ," $ 91,641.00 ",C.5.a,Riparian Habitat Costs (C.5.a),
02-1606,1792, NULL ," $ 10,000.00 ",NULL,General Restoration Activity Costs,
02-1606,1792, NULL ," $ 6,087.68 ",NULL,Permits Costs,
02-1606,1792," $ 23,715.00 "," $ 74,956.57 ",NULL,Architectural & Engineering Costs,
02-1609,1793, NULL , NULL ,B.0.a,Planning And Assessment Costs (B.0.a),
02-1609,1793, NULL ," $ 191,785.16 ",B.2.a,Habitat Assessment Costs (B.2.a),
02-1623,1819, NULL , NULL ,C.0.a,Habitat Restoration and Acquisition Costs (C.0.a),
02-1623,1819, NULL ," $ 54,001.00 ",C.4.a,Instream Habitat Costs (C.4.a),
02-1623,1819, NULL ," $ 352,545.00 ",C.5.a,Riparian Habitat Costs (C.5.a),
02-1623,1819, NULL ," $ 15,000.00 ",NULL,Permits Costs,
02-1623,1819," $ 159,200.00 "," $ 195,026.94 ",NULL,Architectural & Engineering Costs,
02-1623,1820, NULL , $ -   ,C.4.a,Instream Habitat Costs (C.4.a),
02-1623,1820, NULL , $ -   ,C.5.a,Riparian Habitat Costs (C.5.a),
02-1623,1820, NULL , $ -   ,C.8.a,Wetland Costs (C.8.a),
02-1623,1820, NULL , NULL ,C.0.a,Habitat Restoration and Acquisition Costs (C.0.a),
02-1623,1820, NULL , $ -   ,NULL,Permits Costs,
02-1623,1821, NULL , NULL ,C.0.a,Habitat Restoration and Acquisition Costs (C.0.a),
02-1623,11866, NULL , $ -   ,C.5.a,Riparian Habitat Costs (C.5.a),
02-1623,11866, NULL , NULL ,C.0.a,Habitat Restoration and Acquisition Costs (C.0.a),
02-1623,11866, NULL , $ -   ,C.4.a,Instream Habitat Costs (C.4.a),
02-1639,1829, NULL , NULL ,B.0.a,Planning And Assessment Costs (B.0.a),
02-1639,1829, NULL ," $ 123,532.00 ",NULL,Design for Salmon restoration Costs,
02-1643,1830, NULL , NULL ,B.0.a,Planning And Assessment Costs (B.0.a),
02-1643,1830, NULL ," $ 233,488.86 ",B.1.a,Planning/Coordination Costs (B.1.a),
02-1643,1830, NULL ," $ 30,000.00 ",NULL,Permits Costs,
04-1303,2398, NULL , NULL ,B.0.a,Planning And Assessment Costs (B.0.a),
04-1303,2398, NULL ," $ 115,820.84 ",B.1.a,Planning/Coordination Costs (B.1.a),
04-1585,2602, NULL , NULL ,C.0.a,Habitat Restoration and Acquisition Costs (C.0.a),
04-1585,2602, NULL ," $ 371,419.00 ",C.9.a,Estuarine / Nearshore Costs (C.9.a),
04-1585,2602," $ 94,081.00 "," $ 43,139.87 ",NULL,Architectural & Engineering Costs,
04-1587,2604, NULL , NULL ,B.0.a,Planning And Assessment Costs (B.0.a),
04-1587,2604, NULL ," $ 307,187.69 ",NULL,Design for Salmon restoration Costs,
04-1608,2624, NULL , NULL ,C.2.a,Fish Passage Costs (C.2.a),
04-1608,2624," $ 6,200.00 "," $ 3,193.33 ",NULL,Architectural & Engineering Costs,
04-1608,2624, NULL , NULL ,C.0.a,Habitat Restoration and Acquisition Costs (C.0.a),
04-1634,2653, NULL , NULL ,C.0.a,Habitat Restoration and Acquisition Costs (C.0.a),
04-1634,2653, NULL ," $ 1,008,781.00 ",C.4.a,Instream Habitat Costs (C.4.a),
04-1634,2653, NULL , NULL ,NULL,General Restoration Activity Costs,Not able to estimate general restoration costs
04-1634,2653, NULL , NULL ,NULL,Permits Costs,Not able to estimate permit costs
04-1634,2653," $ 200,000.00 "," $ 86,486.71 ",NULL,Architectural & Engineering Costs,
04-1651,2672, NULL , NULL ,B.0.a,Planning And Assessment Costs (B.0.a),
04-1651,2672, NULL , $ -   ,B.1.a,Planning/Coordination Costs (B.1.a),
04-1651,2673, NULL , NULL ,B.0.a,Planning And Assessment Costs (B.0.a),
04-1651,2673, NULL ," $ 499,159.00 ",B.1.a,Planning/Coordination Costs (B.1.a),
04-1909,2891, NULL , NULL ,C.2.a,Fish Passage Costs (C.2.a),
04-1909,2891," $ 18,000.00 "," $ 17,341.20 ",NULL,Architectural & Engineering Costs,
04-1909,2891, NULL , NULL ,C.0.a,Habitat Restoration and Acquisition Costs (C.0.a),
05-1078,2937, NULL , NULL ,C.2.a,Fish Passage Costs (C.2.a),
05-1078,2937, NULL , NULL ,C.4.a,Instream Habitat Costs (C.4.a),
05-1078,2937," $ 3,100.00 "," $ 6,501.32 ",NULL,Architectural & Engineering Costs,
05-1078,2937, NULL , NULL ,C.0.a,Habitat Restoration and Acquisition Costs (C.0.a),
05-1380,3154, NULL , NULL ,C.2.a,Fish Passage Costs (C.2.a),
05-1380,3154," $ 11,000.00 "," $ 13,640.54 ",NULL,Architectural & Engineering Costs,
05-1380,3154, NULL , NULL ,C.0.a,Habitat Restoration and Acquisition Costs (C.0.a),
05-1511,3236, NULL , NULL ,C.0.a,Habitat Restoration and Acquisition Costs (C.0.a),
05-1511,3236, NULL ," $ 30,000.00 ",C.9.a,Estuarine / Nearshore Costs (C.9.a),
05-1511,3236, NULL ," $ 18,185.00 ",C.11.a,Site Stewardship Costs (C.11.a),
05-1511,3236, NULL , NULL ,NULL,General Restoration Activity Costs,Not able to estimate general restoration costs
05-1511,3236," $ 65,310.00 "," $ 72,111.59 ",NULL,Architectural & Engineering Costs,
05-1511,3236, NULL ," $ 100,000.00 ",C.4.a,Instream Habitat Costs (C.4.a),
05-1511,3236, NULL ," $ 70,000.00 ",C.5.a,Riparian Habitat Costs (C.5.a),
05-1511,3237, NULL , $ -   ,C.9.a,Estuarine / Nearshore Costs (C.9.a),
05-1511,3237, NULL , NULL ,C.0.a,Habitat Restoration and Acquisition Costs (C.0.a),
05-1511,3237, NULL , $ -   ,C.4.a,Instream Habitat Costs (C.4.a),
05-1511,3237, NULL , $ -   ,C.5.a,Riparian Habitat Costs (C.5.a),
05-1511,3237, NULL , $ -   ,C.11.a,Site Stewardship Costs (C.11.a),
05-1511,3237, NULL , $ -   ,NULL,General Restoration Activity Costs,
05-1511,3237, NULL , NULL ,NULL,Architectural & Engineering Costs,
05-1514,NULL, NULL ," $ 16,007.75 ",NULL,Incidental Costs,
05-1514,NULL, NULL , NULL ,NULL,Real Property Acquisition Costs,
05-1514,NULL, NULL ," $ 1,063.54 ",NULL,Administrative Costs,
05-1514,NULL, NULL ," $ 18,969.56 ",NULL,Incidental Costs,
05-1514,NULL, NULL , NULL ,NULL,Real Property Acquisition Costs,
05-1514,NULL, NULL ," $ 9,623.85 ",NULL,Administrative Costs,
05-1514,NULL, NULL ," $ 61,581.03 ",NULL,Incidental Costs,
05-1514,NULL, NULL , NULL ,NULL,Real Property Acquisition Costs,
05-1514,NULL, NULL ," $ 20,459.03 ",NULL,Administrative Costs,
05-1514,3240, NULL , NULL ,C.0.a,Habitat Restoration and Acquisition Costs (C.0.a),
05-1521,3247, NULL ," $ 50,000.00 ",C.2.a,Fish Passage Costs (C.2.a),
05-1521,3247, NULL ," $ 235,183.00 ",C.4.a,Instream Habitat Costs (C.4.a),
05-1521,3247, NULL , NULL ,C.0.a,Habitat Restoration and Acquisition Costs (C.0.a),
05-1521,3247, NULL ," $ 38,684.00 ",C.5.a,Riparian Habitat Costs (C.5.a),
05-1521,3247, NULL ," $ 20,000.00 ",NULL,Permits Costs,
05-1560,3293, NULL , NULL ,C.0.a,Habitat Restoration and Acquisition Costs (C.0.a),
05-1560,3293, NULL ," $ 869,169.00 ",C.5.a,Riparian Habitat Costs (C.5.a),
05-1560,3293," $ 18,000.00 "," $ 28,974.80 ",NULL,Architectural & Engineering Costs,
05-1564,3304, NULL , NULL ,B.0.a,Planning And Assessment Costs (B.0.a),
05-1564,3304, NULL ," $ 185,189.29 ",B.2.a,Habitat Assessment Costs (B.2.a),
05-1588,3334, NULL , NULL ,C.0.a,Habitat Restoration and Acquisition Costs (C.0.a),
05-1588,3334, NULL ," $ 310,000.00 ",C.6.a,Upland Habitat / Sediment Costs (C.6.a),
05-1588,3334, NULL ," $ 20,000.00 ",C.11.a,Site Stewardship Costs (C.11.a),
05-1588,3334, NULL ," $ 9,533.00 ",NULL,General Restoration Activity Costs,
05-1588,3334," $ 40,000.00 "," $ 30,559.72 ",NULL,Architectural & Engineering Costs,
05-1605,3353, NULL , NULL ,C.0.a,Habitat Restoration and Acquisition Costs (C.0.a),
05-1605,3353, NULL ," $ 105,387.00 ",C.2.a,Fish Passage Costs (C.2.a),
05-1605,3353, NULL ," $ 105,387.00 ",C.4.a,Instream Habitat Costs (C.4.a),
05-1605,3353, NULL ," $ 105,387.00 ",C.5.a,Riparian Habitat Costs (C.5.a),
05-1605,3353, NULL ," $ 105,387.00 ",C.8.a,Wetland Costs (C.8.a),
05-1605,3353, NULL , NULL ,NULL,General Restoration Activity Costs,Not able to estimate general restoration costs
05-1605,3353, NULL , $ -   ,NULL,Permits Costs,
05-1605,3353," $ 50,000.00 "," $ 15,704.67 ",NULL,Architectural & Engineering Costs,
06-1870,NULL, NULL ," $ 18,251.28 ",NULL,Incidental Costs,
06-1870,NULL, NULL ," $ 522,000.00 ",NULL,Real Property Acquisition Costs,
06-1870,NULL, NULL ," $ 4,739.98 ",NULL,Administrative Costs,
06-1878,NULL, NULL , NULL ,NULL,Incidental Costs,
06-1878,NULL, NULL , NULL ,NULL,Real Property Acquisition Costs,
06-1878,NULL, NULL , NULL ,NULL,Administrative Costs,
06-1878,NULL, NULL ," $ 9,589.63 ",NULL,Incidental Costs,
06-1878,NULL, NULL ," $ 130,000.00 ",NULL,Real Property Acquisition Costs,
06-1878,NULL, NULL ," $ 6,000.15 ",NULL,Administrative Costs,
06-2139,4095, NULL , NULL ,C.2.a,Fish Passage Costs (C.2.a),
06-2139,4095," $ 6,990.00 "," $ 12,627.05 ",NULL,Architectural & Engineering Costs,
06-2139,4095, NULL , NULL ,C.0.a,Habitat Restoration and Acquisition Costs (C.0.a),
06-2202,4143, NULL , NULL ,C.0.a,Habitat Restoration and Acquisition Costs (C.0.a),
06-2202,4143, NULL ," $ 123,075.00 ",C.4.a,Instream Habitat Costs (C.4.a),
06-2202,4143," $ 35,000.00 "," $ 31,731.13 ",NULL,Architectural & Engineering Costs,
06-2202,4143, NULL ," $ 37,257.00 ",NULL,Permits Costs,
06-2250,4196, NULL , NULL ,C.0.a,Habitat Restoration and Acquisition Costs (C.0.a),
06-2250,4196, NULL ," $ 570,000.00 ",C.4.a,Instream Habitat Costs (C.4.a),
06-2250,4196, NULL ," $ 105,234.00 ",C.5.a,Riparian Habitat Costs (C.5.a),
06-2250,4196, NULL ," $ 70,000.00 ",NULL,Permits Costs,
06-2250,4196," $ 161,568.00 "," $ 355,920.88 ",NULL,Architectural & Engineering Costs,
06-2251,4197, NULL , NULL ,B.0.a,Planning And Assessment Costs (B.0.a),
06-2251,4197, NULL ," $ 79,618.00 ",NULL,Design for Salmon restoration Costs,
06-2251,4197, NULL ," $ 3,311.00 ",NULL,Permits Costs,
06-2266,4210, NULL , NULL ,C.0.a,Habitat Restoration and Acquisition Costs (C.0.a),
06-2266,4210, NULL ," $ 200,431.00 ",C.6.a,Upland Habitat / Sediment Costs (C.6.a),
06-2266,4210, NULL , NULL ,NULL,General Restoration Activity Costs,Not able to estimate general restoration costs
06-2266,4210," $ 37,000.00 "," $ 14,090.38 ",NULL,Architectural & Engineering Costs,
06-2267,NULL, NULL ," $ 13,565.10 ",NULL,Incidental Costs,
06-2267,NULL, NULL ," $ 285,500.00 ",NULL,Real Property Acquisition Costs,
06-2267,NULL, NULL ," $ 4,742.18 ",NULL,Administrative Costs,
06-2267,4211, NULL , NULL ,C.0.a,Habitat Restoration and Acquisition Costs (C.0.a),
07-1364,9561, NULL , NULL ,C.2.a,Fish Passage Costs (C.2.a),
07-1364,9561, NULL , NULL ,C.11.a,Site Stewardship Costs (C.11.a),
07-1364,9561," $ 9,400.00 "," $ 2,191.36 ",NULL,Architectural & Engineering Costs,
07-1364,9561, NULL , NULL ,C.0.a,Habitat Restoration and Acquisition Costs (C.0.a),
07-1624,9679, NULL , NULL ,B.0.a,Planning And Assessment Costs (B.0.a),
07-1624,9679, NULL ," $ 225,664.00 ",NULL,Design for Salmon restoration Costs,
07-1643,9727, NULL , NULL ,C.0.a,Habitat Restoration and Acquisition Costs (C.0.a),
07-1643,9727, NULL ," $ 102,179.00 ",C.4.a,Instream Habitat Costs (C.4.a),
07-1643,9727, NULL ," $ 19,848.00 ",C.5.a,Riparian Habitat Costs (C.5.a),
07-1643,9727, NULL ," $ 10,715.00 ",NULL,Permits Costs,
07-1643,9727," $ 30,000.00 "," $ 13,790.00 ",NULL,Architectural & Engineering Costs,
07-1643,9727, NULL ," $ 2,420.00 ",NULL,Cultural Resource Costs,
07-1646,9730, NULL , NULL ,C.0.a,Habitat Restoration and Acquisition Costs (C.0.a),
07-1646,9730, NULL ," $ 257,735.00 ",C.5.a,Riparian Habitat Costs (C.5.a),
07-1646,9730, NULL , $ 45.00 ,NULL,Permits Costs,
07-1646,9730," $ 58,000.00 "," $ 71,903.58 ",NULL,Architectural & Engineering Costs,
07-1646,9730, NULL ," $ 13,489.00 ",NULL,Cultural Resource Costs,
07-1701,9800, NULL , NULL ,C.0.a,Habitat Restoration and Acquisition Costs (C.0.a),
07-1701,9800, NULL ," $ 331,091.00 ",C.4.a,Instream Habitat Costs (C.4.a),
07-1701,9800, NULL ," $ 40,000.00 ",C.5.a,Riparian Habitat Costs (C.5.a),
07-1701,9800, NULL ," $ 20,000.00 ",NULL,Permits Costs,
07-1701,9800," $ 110,000.00 "," $ 146,951.81 ",NULL,Architectural & Engineering Costs,
07-1701,9800, NULL ," $ 12,000.00 ",C.2.a,Fish Passage Costs (C.2.a),
07-1705,9805, NULL , NULL ,B.0.a,Planning And Assessment Costs (B.0.a),
07-1705,9805, NULL ," $ 357,098.00 ",NULL,Design for Salmon restoration Costs,
07-1708,9809, NULL , NULL ,B.0.a,Planning And Assessment Costs (B.0.a),
07-1708,9809, NULL ," $ 215,270.32 ",NULL,Design for Salmon restoration Costs,
07-1709,9810, NULL , NULL ,C.0.a,Habitat Restoration and Acquisition Costs (C.0.a),
07-1709,9810, NULL ," $ 177,547.00 ",C.4.a,Instream Habitat Costs (C.4.a),
07-1709,9810, NULL ," $ 20,571.00 ",NULL,Permits Costs,
07-1709,9810," $ 69,230.00 "," $ 62,162.36 ",NULL,Architectural & Engineering Costs,
07-1714,9815, NULL , NULL ,C.0.a,Habitat Restoration and Acquisition Costs (C.0.a),
07-1714,9815, NULL ," $ 86,669.00 ",C.4.a,Instream Habitat Costs (C.4.a),
07-1714,9815, NULL ," $ 52,956.00 ",C.5.a,Riparian Habitat Costs (C.5.a),
07-1714,9815, NULL ," $ 3,136.00 ",NULL,Permits Costs,
07-1714,9815," $ 40,000.00 "," $ 98,520.35 ",NULL,Architectural & Engineering Costs,
07-1714,9815, NULL ," $ 9,174.00 ",NULL,Cultural Resource Costs,
07-1735,9841, NULL , NULL ,C.0.a,Habitat Restoration and Acquisition Costs (C.0.a),
07-1735,9841, NULL ," $ 149,905.00 ",C.2.a,Fish Passage Costs (C.2.a),
07-1735,9841, NULL ," $ 300,000.00 ",C.4.a,Instream Habitat Costs (C.4.a),
07-1735,9841, NULL ," $ 40,127.00 ",C.5.a,Riparian Habitat Costs (C.5.a),
07-1735,9841, NULL ," $ 100,000.00 ",C.8.a,Wetland Costs (C.8.a),
07-1735,9841, NULL , NULL ,NULL,General Restoration Activity Costs,Not able to estimate general restoration costs
07-1735,9841," $ 58,400.00 "," $ 69,873.32 ",NULL,Architectural & Engineering Costs,
07-1736,9842, NULL , NULL ,C.0.a,Habitat Restoration and Acquisition Costs (C.0.a),
07-1736,9842, NULL ," $ 75,550.00 ",C.4.a,Instream Habitat Costs (C.4.a),
07-1736,9842, NULL ," $ 69,720.00 ",C.5.a,Riparian Habitat Costs (C.5.a),
07-1736,9842, NULL ," $ 71,897.00 ",C.8.a,Wetland Costs (C.8.a),
07-1736,9842, NULL , NULL ,NULL,Permits Costs,
07-1736,9842," $ 60,363.00 "," $ 51,455.73 ",NULL,Architectural & Engineering Costs,
07-1737,9843, NULL , NULL ,C.0.a,Habitat Restoration and Acquisition Costs (C.0.a),
07-1737,9843, NULL ," $ 535,000.00 ",C.4.a,Instream Habitat Costs (C.4.a),
07-1737,9843, NULL ," $ 2,000.00 ",NULL,Permits Costs,
07-1737,9843," $ 50,000.00 "," $ 84,384.00 ",NULL,Architectural & Engineering Costs,
07-1743,9853, NULL , NULL ,C.0.a,Habitat Restoration and Acquisition Costs (C.0.a),
07-1743,9853, NULL ," $ 124,479.00 ",C.5.a,Riparian Habitat Costs (C.5.a),
07-1743,9853," $ 19,500.00 "," $ 38,516.37 ",NULL,Architectural & Engineering Costs,
07-1751,9863, NULL ," $ 730,405.00 ",D.1.a,Hatchery Production Costs (D.1.a),
07-1751,9863, NULL , NULL ,D.0.a,Enhancement And Harvest Mgmt. Costs (D.0.a),
07-1760,9880, NULL , NULL ,B.0.a,Planning And Assessment Costs (B.0.a),
07-1760,9880, NULL ," $ 66,215.00 ",B.1.a,Planning/Coordination Costs (B.1.a),
07-1764,NULL, NULL ," $ 70,687.97 ",NULL,Incidental Costs,
07-1764,NULL, NULL ," $ 179,000.00 ",NULL,Real Property Acquisition Costs,
07-1764,NULL, NULL ," $ 9,838.01 ",NULL,Administrative Costs,
07-1764,NULL, NULL ," $ 7,243.89 ",NULL,Incidental Costs,
07-1764,NULL, NULL ," $ 325,000.00 ",NULL,Real Property Acquisition Costs,
07-1764,NULL, NULL ," $ 1,972.11 ",NULL,Administrative Costs,
07-1764,10100, NULL , NULL ,C.0.a,Habitat Restoration and Acquisition Costs (C.0.a),
07-1764,10100, NULL ," $ 85,000.00 ",C.4.a,Instream Habitat Costs (C.4.a),
07-1764,10100, NULL ," $ 14,054.00 ",C.5.a,Riparian Habitat Costs (C.5.a),
07-1764,10100, NULL , $ -   ,NULL,Permits Costs,
07-1767,10103, NULL , NULL ,C.0.a,Habitat Restoration and Acquisition Costs (C.0.a),
07-1767,10103, NULL ," $ 12,614.00 ",C.4.a,Instream Habitat Costs (C.4.a),
07-1767,10103, NULL , $ -   ,C.5.a,Riparian Habitat Costs (C.5.a),
07-1767,10103, NULL ," $ 15,000.00 ",NULL,Permits Costs,
07-1767,10103," $ 61,800.00 "," $ 71,011.38 ",NULL,Architectural & Engineering Costs,
07-1769,10105, NULL , NULL ,B.0.a,Planning And Assessment Costs (B.0.a),
07-1769,10105, NULL ," $ 98,872.00 ",B.1.a,Planning/Coordination Costs (B.1.a),
07-1870,NULL, NULL ," $ 11,799.89 ",NULL,Incidental Costs,
07-1870,NULL, NULL ," $ 77,400.00 ",NULL,Real Property Acquisition Costs,
07-1870,NULL, NULL ," $ 8,389.38 ",NULL,Administrative Costs,
07-1870,10217, NULL , NULL ,C.0.a,Habitat Restoration and Acquisition Costs (C.0.a),
08-1563,11054, NULL , NULL ,B.0.a,Planning And Assessment Costs (B.0.a),
08-1563,11054, NULL ," $ 110,771.00 ",B.2.a,Habitat Assessment Costs (B.2.a),
08-1564,NULL, NULL ," $ 2,809.02 ",NULL,Incidental Costs,
08-1564,NULL, NULL ," $ 240,000.00 ",NULL,Real Property Acquisition Costs,
08-1564,NULL, NULL ," $ 5,040.90 ",NULL,Administrative Costs,
08-1564,NULL, NULL ," $ 4,791.21 ",NULL,Incidental Costs,
08-1564,NULL, NULL , $ -   ,NULL,Real Property Acquisition Costs,
08-1564,NULL, NULL , $ 604.91 ,NULL,Administrative Costs,
08-1564,NULL, NULL , $ 32.20 ,NULL,Incidental Costs,
08-1564,NULL, NULL , $ -   ,NULL,Real Property Acquisition Costs,
08-1564,NULL, NULL , $ 336.05 ,NULL,Administrative Costs,
08-1564,NULL, NULL , $ -   ,NULL,Administrative Costs,
08-1564,NULL, NULL ," $ 4,632.93 ",NULL,Incidental Costs,
08-1564,NULL, NULL , $ -   ,NULL,Real Property Acquisition Costs,
08-1564,NULL, NULL , $ -   ,NULL,Administrative Costs,
08-1564,NULL, NULL ," $ 2,053.43 ",NULL,Incidental Costs,
08-1564,NULL, NULL ," $ 195,000.00 ",NULL,Real Property Acquisition Costs,
08-1564,NULL, NULL ," $ 2,479.49 ",NULL,Incidental Costs,
08-1564,NULL, NULL ," $ 290,000.00 ",NULL,Real Property Acquisition Costs,
08-1564,11055, NULL , NULL ,C.0.a,Habitat Restoration and Acquisition Costs (C.0.a),
08-1571,11062, NULL , NULL ,C.0.a,Habitat Restoration and Acquisition Costs (C.0.a),
08-1571,11062, NULL ," $ 142,178.00 ",C.5.a,Riparian Habitat Costs (C.5.a),
08-1571,11062, NULL ," $ 13,932.00 ",NULL,General Restoration Activity Costs,
08-1571,11062," $ 30,000.00 "," $ 40,556.95 ",NULL,Architectural & Engineering Costs,
08-1578,11069, NULL , NULL ,B.0.a,Planning And Assessment Costs (B.0.a),
08-1578,11069, NULL ," $ 40,652.00 ",NULL,Design for Salmon restoration Costs,
08-1578,11069, NULL ," $ 40,651.00 ",B.2.a,Habitat Assessment Costs (B.2.a),
08-1613,11116, NULL , NULL ,B.0.a,Planning And Assessment Costs (B.0.a),
08-1613,11116, NULL ," $ 73,493.00 ",B.2.a,Habitat Assessment Costs (B.2.a),
08-1613,11116, NULL ," $ 73,493.00 ",NULL,Design for Salmon restoration Costs,
08-2043,11754," $ 54,511.00 "," $ 30,458.00 ",C.2.a,Fish Passage Costs (C.2.a),
08-2043,11754," $ 7,000.00 "," $ 3,051.84 ",NULL,Architectural & Engineering Costs,
08-2043,11754, NULL , NULL ,C.0.a,Habitat Restoration and Acquisition Costs (C.0.a),
08-2056,11770, NULL , NULL ,C.0.a,Habitat Restoration and Acquisition Costs (C.0.a),
08-2056,11770, NULL ," $ 651,443.00 ",C.2.a,Fish Passage Costs (C.2.a),
08-2056,11770, NULL ," $ 1,013,307.00 ",C.4.a,Instream Habitat Costs (C.4.a),
08-2056,11770, NULL ," $ 76,607.00 ",C.5.a,Riparian Habitat Costs (C.5.a),
08-2056,11770, NULL ," $ 1,026,536.00 ",NULL,General Restoration Activity Costs,
08-2056,11770," $ 57,440.00 "," $ 733,098.57 ",NULL,Architectural & Engineering Costs,
09-1045,12012, NULL , NULL ,B.0.a,Planning And Assessment Costs (B.0.a),
09-1045,12012, NULL ," $ 291,028.00 ",B.1.a,Planning/Coordination Costs (B.1.a),
09-1045,12012, NULL , $ -   ,NULL,Permits Costs,
09-1263,12275, NULL , NULL ,C.0.a,Habitat Restoration and Acquisition Costs (C.0.a),
09-1263,12275," $ 68,251.00 "," $ 58,737.00 ",C.5.a,Riparian Habitat Costs (C.5.a),
09-1263,12275, NULL ," $ 6,324.00 ",NULL,General Restoration Activity Costs,
09-1263,12275," $ 5,500.00 "," $ 9,238.74 ",NULL,Architectural & Engineering Costs,
09-1268,12281, NULL , NULL ,B.0.a,Planning And Assessment Costs (B.0.a),
09-1268,12281," $ 167,480.00 "," $ 157,100.00 ",B.1.a,Planning/Coordination Costs (B.1.a),
09-1277,12290, NULL , NULL ,C.0.a,Habitat Restoration and Acquisition Costs (C.0.a),
09-1277,12290, NULL ," $ 22,425.00 ",C.9.a,Estuarine / Nearshore Costs (C.9.a),
09-1277,12290, NULL ," $ 2,400,041.00 ",NULL,General Restoration Activity Costs,
09-1277,12290, NULL ," $ 3,060.00 ",NULL,Permits Costs,
09-1277,12290," $ 55,000.00 "," $ 75,044.46 ",NULL,Architectural & Engineering Costs,
09-1279,12292, NULL , NULL ,C.0.a,Habitat Restoration and Acquisition Costs (C.0.a),
09-1279,12292," $ 1,685,000.00 "," $ 12,710,859.00 ",C.9.a,Estuarine / Nearshore Costs (C.9.a),
09-1279,12292, NULL ," $ 45,152.00 ",NULL,Cultural Resource Costs,
09-1279,12292, NULL ," $ 1,085,205.00 ",NULL,Permits Costs,
09-1279,12292," $ 80,000.00 "," $ 2,850,002.60 ",NULL,Architectural & Engineering Costs,
09-1281,12294, NULL , NULL ,B.0.a,Planning And Assessment Costs (B.0.a),
09-1281,12294, NULL ," $ 129,073.00 ",B.1.a,Planning/Coordination Costs (B.1.a),
09-1281,12294, NULL ," $ 72,000.00 ",NULL,Design for Salmon restoration Costs,
09-1282,12296, NULL , NULL ,B.0.a,Planning And Assessment Costs (B.0.a),
09-1282,12296, NULL ," $ 62,335.00 ",NULL,Design for Salmon restoration Costs,
09-1282,12296, NULL ," $ 254,090.00 ",B.2.a,Habitat Assessment Costs (B.2.a),
09-1377,12428, NULL , NULL ,B.0.a,Planning And Assessment Costs (B.0.a),
09-1377,12428, NULL ," $ 117,290.00 ",NULL,Design for Salmon restoration Costs,
09-1379,NULL, NULL ," $ 6,704.34 ",NULL,Incidental Costs,
09-1379,NULL, NULL ," $ 1,000,000.00 ",NULL,Real Property Acquisition Costs,
09-1379,12431, NULL , NULL ,C.0.a,Habitat Restoration and Acquisition Costs (C.0.a),
09-1379,12431, NULL ," $ 19,398.00 ",C.4.a,Instream Habitat Costs (C.4.a),
09-1379,12431, NULL ," $ 132,387.00 ",C.5.a,Riparian Habitat Costs (C.5.a),
09-1379,12431," $ 10,000.00 "," $ 42,583.22 ",NULL,Architectural & Engineering Costs,
09-1391,12446, NULL , NULL ,B.0.a,Planning And Assessment Costs (B.0.a),
09-1391,12446, NULL ," $ 136,175.00 ",B.1.a,Planning/Coordination Costs (B.1.a),
09-1392,12447," $ 604,616.00 "," $ 1,146,153.00 ",C.6.a,Upland Habitat / Sediment Costs (C.6.a),
09-1392,12447, NULL , NULL ,C.0.a,Habitat Restoration and Acquisition Costs (C.0.a),
09-1392,12447," $ 10,000.00 "," $ 26,605.85 ",NULL,Architectural & Engineering Costs,
09-1410,12474," $ 1,608,265.00 "," $ 2,287,682.00 ",C.9.a,Estuarine / Nearshore Costs (C.9.a),
09-1410,12474, NULL , NULL ,C.0.a,Habitat Restoration and Acquisition Costs (C.0.a),
09-1410,12474," $ 33,200.00 "," $ 9,617.00 ",NULL,General Restoration Activity Costs,
09-1410,12474," $ 149,956.00 "," $ 181,565.45 ",NULL,Architectural & Engineering Costs,
10-1186,13241, NULL , NULL ,C.0.a,Habitat Restoration and Acquisition Costs (C.0.a),
10-1186,13241," $ 127,715.00 "," $ 78,372.00 ",C.5.a,Riparian Habitat Costs (C.5.a),
10-1186,13241," $ 1,000.00 "," $ 1,000.00 ",NULL,General Restoration Activity Costs,
10-1186,13241, NULL ," $ 11,287.00 ",NULL,Permits Costs,
10-1186,13241," $ 67,500.00 "," $ 38,523.35 ",NULL,Architectural & Engineering Costs,
10-1338,14005, NULL , NULL ,C.0.a,Habitat Restoration and Acquisition Costs (C.0.a),
10-1338,14005," $ 100,000.00 "," $ 157,266.00 ",C.5.a,Riparian Habitat Costs (C.5.a),
10-1338,14005," $ 22,500.00 "," $ 13,549.00 ",NULL,Cultural Resource Costs,
10-1338,14005," $ 75,650.00 "," $ 221,240.00 ",C.4.a,Instream Habitat Costs (C.4.a),
10-1338,14005," $ 28,350.00 "," $ 41,762.00 ",NULL,Permits Costs,
10-1338,14005," $ 57,000.00 "," $ 130,179.18 ",NULL,Architectural & Engineering Costs,
10-1365,13439, NULL , NULL ,C.0.a,Habitat Restoration and Acquisition Costs (C.0.a),
10-1365,13439, NULL ," $ 5,000.00 ",NULL,Cultural Resource Costs,
10-1365,13439, NULL ," $ 20,000.00 ",NULL,Permits Costs,
10-1365,13439," $ 25,590.00 "," $ 123,579.13 ",NULL,Architectural & Engineering Costs,
10-1365,13439," $ 400,000.00 "," $ 461,896.00 ",C.4.a,Instream Habitat Costs (C.4.a),
10-1365,13439," $ 238,510.00 "," $ 51,826.00 ",C.5.a,Riparian Habitat Costs (C.5.a),
10-1862,14114," $ 40,000.00 "," $ 40,000.00 ",B.1.a,Planning/Coordination Costs (B.1.a),
10-1862,14114, NULL , NULL ,B.0.a,Planning And Assessment Costs (B.0.a),
11-1256,14634, NULL , NULL ,B.0.a,Planning And Assessment Costs (B.0.a),
11-1256,14634," $ 44,977.00 "," $ 27,264.00 ",B.1.a,Planning/Coordination Costs (B.1.a),
11-1256,14634," $ 27,000.00 "," $ 38,000.00 ",NULL,Design for Salmon restoration Costs,
11-1263,14643, NULL , NULL ,C.0.a,Habitat Restoration and Acquisition Costs (C.0.a),
11-1263,14643," $ 69,779.00 "," $ 33,389.00 ",C.5.a,Riparian Habitat Costs (C.5.a),
11-1263,14643," $ 4,000.00 ", $ 200.00 ,NULL,Cultural Resource Costs,
11-1263,14643," $ 19,322.00 "," $ 1,510.00 ",NULL,Permits Costs,
11-1263,14643," $ 46,657.00 "," $ 20,485.67 ",NULL,Architectural & Engineering Costs,
11-1271,14653, NULL , NULL ,B.0.a,Planning And Assessment Costs (B.0.a),
11-1271,14653," $ 200,000.00 "," $ 200,348.00 ",NULL,Design for Salmon restoration Costs,
11-1377,NULL," $ 14,300.00 "," $ 34,001.00 ",NULL,Incidental Costs,
11-1377,NULL," $ 4,000.00 "," $ 13,091.50 ",NULL,Administrative Costs,
11-1377,NULL," $ 336,000.00 "," $ 1,020,000.00 ",NULL,Real Property Acquisition Costs,
11-1377,14794, NULL , NULL ,C.0.a,Habitat Restoration and Acquisition Costs (C.0.a),
11-1377,14794," $ 2,000.00 "," $ 4,962.13 ",NULL,Architectural & Engineering Costs,
11-1377,14794," $ 3,200.00 "," $ 7,266.00 ",C.5.a,Riparian Habitat Costs (C.5.a),
11-1377,14794," $ 15,000.00 "," $ 2,225.00 ",NULL,General Restoration Activity Costs,
11-1381,14800, NULL , NULL ,C.0.a,Habitat Restoration and Acquisition Costs (C.0.a),
11-1381,14800," $ 280,000.00 "," $ 313,077.00 ",C.4.a,Instream Habitat Costs (C.4.a),
11-1381,14800," $ 15,000.00 "," $ 10,000.00 ",NULL,Cultural Resource Costs,
11-1381,14800," $ 40,000.00 "," $ 5,000.00 ",NULL,Permits Costs,
11-1381,14800," $ 40,000.00 "," $ 71,221.68 ",NULL,Architectural & Engineering Costs,
11-1410,14842, NULL , NULL ,C.0.a,Habitat Restoration and Acquisition Costs (C.0.a),
11-1410,14842," $ 141,920.00 "," $ 139,783.00 ",C.4.a,Instream Habitat Costs (C.4.a),
11-1410,14842," $ 85,230.00 "," $ 97,650.00 ",C.5.a,Riparian Habitat Costs (C.5.a),
11-1410,14842," $ 5,382.00 "," $ 2,790.00 ",NULL,General Restoration Activity Costs,
11-1410,14842," $ 16,880.00 "," $ 6,476.00 ",NULL,Permits Costs,
11-1410,14842," $ 51,023.00 "," $ 71,836.66 ",NULL,Architectural & Engineering Costs,
11-1590,15111," $ 130,650.00 "," $ 115,100.00 ",C.2.a,Fish Passage Costs (C.2.a),
11-1590,15111," $ 28,450.00 "," $ 16,584.00 ",C.4.a,Instream Habitat Costs (C.4.a),
11-1590,15111," $ 1,280.00 "," $ 1,280.00 ",NULL,General Restoration Activity Costs,
11-1590,15111, $ 430.00 , $ 430.00 ,NULL,Permits Costs,
11-1590,15111," $ 12,000.00 "," $ 9,825.00 ",NULL,Architectural & Engineering Costs,
11-1590,15111, NULL , NULL ,C.0.a,Habitat Restoration and Acquisition Costs (C.0.a),
11-1650,15267, NULL , NULL ,C.0.a,Habitat Restoration and Acquisition Costs (C.0.a),
11-1650,15267," $ 424,642.00 "," $ 564,440.00 ",C.9.a,Estuarine / Nearshore Costs (C.9.a),
11-1650,15267," $ 105,158.00 "," $ 102,343.00 ",NULL,General Restoration Activity Costs,
11-1650,15267," $ 158,000.00 "," $ 106,283.43 ",NULL,Architectural & Engineering Costs,
12-1153,NULL," $ 303,760.00 "," $ 350,000.00 ",NULL,Real Property Acquisition Costs,
12-1153,NULL," $ 5,000.00 "," $ 3,367.65 ",NULL,Incidental Costs,
12-1153,NULL," $ 5,000.00 "," $ 1,943.65 ",NULL,Incidental Costs,
12-1153,NULL," $ 25,000.00 "," $ 170,000.00 ",NULL,Real Property Acquisition Costs,
12-1153,NULL," $ 27,000.00 ", $ -   ,NULL,Real Property Acquisition Costs,
12-1153,15506, NULL , NULL ,C.0.a,Habitat Restoration and Acquisition Costs (C.0.a),
12-1241,15605, NULL , NULL ,B.0.a,Planning And Assessment Costs (B.0.a),
12-1241,15605," $ 301,057.00 "," $ 293,948.00 ",NULL,Design for Salmon restoration Costs,
12-1251,15616, NULL , NULL ,B.0.a,Planning And Assessment Costs (B.0.a),
12-1251,15616," $ 89,000.00 "," $ 53,467.00 ",NULL,Design for Salmon restoration Costs,
12-1406,15814, NULL , NULL ,C.0.a,Habitat Restoration and Acquisition Costs (C.0.a),
12-1406,15814," $ 90,788.00 "," $ 85,690.00 ",C.5.a,Riparian Habitat Costs (C.5.a),
12-1406,15814," $ 1,500.00 "," $ 1,500.00 ",NULL,Cultural Resource Costs,
12-1406,15814," $ 6,450.00 "," $ 23,544.36 ",NULL,Architectural & Engineering Costs,
12-1406,20605, NULL , NULL ,C.0.a,Habitat Restoration and Acquisition Costs (C.0.a),
12-1406,20605," $ 7,000.00 "," $ 8,594.00 ",C.5.a,Riparian Habitat Costs (C.5.a),
12-1421,16067, NULL , NULL ,B.0.a,Planning And Assessment Costs (B.0.a),
12-1421,16067," $ 94,843.00 "," $ 89,765.00 ",B.2.a,Habitat Assessment Costs (B.2.a),
12-1436,15851, NULL , NULL ,B.0.a,Planning And Assessment Costs (B.0.a),
12-1436,15851," $ 99,500.00 "," $ 113,068.00 ",B.1.a,Planning/Coordination Costs (B.1.a),
12-1490,15916, NULL , NULL ,B.0.a,Planning And Assessment Costs (B.0.a),
12-1490,15916," $ 180,000.00 "," $ 175,876.70 ",NULL,Design for Salmon restoration Costs,
12-1816,16393, NULL , NULL ,C.0.a,Habitat Restoration and Acquisition Costs (C.0.a),
12-1816,16393," $ 219,637.00 "," $ 362,657.00 ",C.2.a,Fish Passage Costs (C.2.a),
12-1816,16393," $ 2,500.00 ", $ 500.00 ,NULL,Permits Costs,
12-1816,16393," $ 50,000.00 "," $ 29,411.41 ",NULL,Architectural & Engineering Costs,
12-1927,16563, NULL , NULL ,C.0.a,Habitat Restoration and Acquisition Costs (C.0.a),
12-1927,16563," $ 171,533.00 "," $ 215,337.00 ",C.2.a,Fish Passage Costs (C.2.a),
12-1927,16563," $ 27,698.00 "," $ 25,534.25 ",NULL,Architectural & Engineering Costs,
13-1043,16682, NULL , NULL ,B.0.a,Planning And Assessment Costs (B.0.a),
13-1043,16682," $ 25,000.00 "," $ 15,000.00 ",NULL,Cultural Resource Costs,
13-1043,16682," $ 375,000.00 "," $ 270,813.00 ",NULL,Design for Salmon restoration Costs,
13-1044,16684, NULL , NULL ,C.0.a,Habitat Restoration and Acquisition Costs (C.0.a),
13-1044,16684," $ 635,453.00 "," $ 581,281.00 ",C.4.a,Instream Habitat Costs (C.4.a),
13-1044,16684," $ 5,000.00 "," $ 5,000.00 ",NULL,Permits Costs,
13-1044,16684," $ 65,430.00 "," $ 61,867.35 ",NULL,Architectural & Engineering Costs,
13-1044,16684, NULL , NULL ,NULL,General Restoration Activity Costs,Not able to estimate general restoration costs
13-1086,16726, NULL , NULL ,C.0.a,Habitat Restoration and Acquisition Costs (C.0.a),
13-1086,16726," $ 533,180.00 "," $ 904,190.00 ",C.5.a,Riparian Habitat Costs (C.5.a),
13-1086,16726," $ 5,730.00 "," $ 1,402.00 ",NULL,General Restoration Activity Costs,
13-1086,16726," $ 27,340.00 "," $ 36,319.93 ",NULL,Architectural & Engineering Costs,
13-1106,16749, NULL , NULL ,C.0.a,Habitat Restoration and Acquisition Costs (C.0.a),
13-1106,16749," $ 286,069.00 "," $ 665,236.00 ",C.9.a,Estuarine / Nearshore Costs (C.9.a),
13-1106,16749," $ 12,695.00 ", $ 701.76 ,NULL,Architectural & Engineering Costs,
13-1106,17204, NULL , NULL ,C.0.a,Habitat Restoration and Acquisition Costs (C.0.a),
13-1106,17204," $ 493,053.00 "," $ 601,172.00 ",C.9.a,Estuarine / Nearshore Costs (C.9.a),
13-1106,17204," $ 106,947.00 "," $ 144,936.08 ",NULL,Architectural & Engineering Costs,
13-1135,16775, NULL , NULL ,C.0.a,Habitat Restoration and Acquisition Costs (C.0.a),
13-1135,16775," $ 1,520,869.00 "," $ 2,047,771.00 ",C.4.a,Instream Habitat Costs (C.4.a),
13-1135,16775," $ 8,861.00 "," $ 29,000.00 ",NULL,Cultural Resource Costs,
13-1135,16775," $ 97,752.00 "," $ 100,000.00 ",C.5.a,Riparian Habitat Costs (C.5.a),
13-1135,16775," $ 70,898.00 "," $ 80,775.11 ",NULL,Architectural & Engineering Costs,
13-1166,NULL," $ 464,000.00 "," $ 490,000.00 ",NULL,Real Property Acquisition Costs,
13-1166,NULL," $ 16,000.00 "," $ 30,943.02 ",NULL,Incidental Costs,
13-1166,NULL," $ 20,000.00 "," $ 11,794.61 ",NULL,Administrative Costs,
13-1166,16808, NULL , NULL ,C.0.a,Habitat Restoration and Acquisition Costs (C.0.a),
13-1169,NULL," $ 10,000.00 ", $ -   ,NULL,Incidental Costs,
13-1169,NULL," $ 15,000.00 ", $ -   ,NULL,Administrative Costs,
13-1169,NULL," $ 445,000.00 ", $ -   ,NULL,Real Property Acquisition Costs,
13-1169,NULL," $ 75,000.00 ", $ -   ,NULL,Incidental Costs,
13-1169,NULL," $ 225,000.00 "," $ 210,000.00 ",NULL,Real Property Acquisition Costs,
13-1169,NULL, NULL , $ -   ,NULL,Incidental Costs,
13-1169,NULL, NULL ," $ 258,000.00 ",NULL,Real Property Acquisition Costs,
13-1169,NULL, NULL ," $ 4,737.49 ",NULL,Incidental Costs,
13-1169,NULL, NULL , $ -   ,NULL,Administrative Costs,
13-1169,NULL, $ -   ," $ 980,000.00 ",NULL,Real Property Acquisition Costs,
13-1169,16811, NULL , NULL ,C.0.a,Habitat Restoration and Acquisition Costs (C.0.a),
13-1251,17133, NULL , NULL ,C.0.a,Habitat Restoration and Acquisition Costs (C.0.a),
13-1251,17133," $ 91,449.00 "," $ 102,529.00 ",C.2.a,Fish Passage Costs (C.2.a),
13-1251,17133," $ 10,000.00 "," $ 7,658.12 ",NULL,Architectural & Engineering Costs,
13-1471,17177, NULL , NULL ,C.0.a,Habitat Restoration and Acquisition Costs (C.0.a),
13-1471,17177," $ 206,335.00 "," $ 240,979.00 ",C.2.a,Fish Passage Costs (C.2.a),
13-1471,17177," $ 43,800.00 "," $ 27,591.67 ",NULL,Architectural & Engineering Costs,
13-1555,17290, NULL , NULL ,B.0.a,Planning And Assessment Costs (B.0.a),
13-1555,17290," $ 1,921,346.00 "," $ 753,604.00 ",NULL,Design for Salmon restoration Costs,
13-1574,17326, NULL , NULL ,B.0.a,Planning And Assessment Costs (B.0.a),
13-1574,17326," $ 114,146.00 "," $ 109,976.00 ",NULL,Design for Salmon restoration Costs,
14-1040,17386, NULL , NULL ,B.0.a,Planning And Assessment Costs (B.0.a),
14-1040,17386," $ 75,000.00 "," $ 75,000.00 ",NULL,Design for Salmon restoration Costs,
14-1040,17386," $ 5,000.00 "," $ 5,000.00 ",NULL,Cultural Resource Costs,
14-1054,17398, NULL , NULL ,B.0.a,Planning And Assessment Costs (B.0.a),
14-1054,17398," $ 10,000.00 "," $ 1,260.00 ",NULL,Cultural Resource Costs,
14-1054,17398," $ 35,000.00 "," $ 36,883.00 ",NULL,Design for Salmon restoration Costs,
14-1054,17398," $ 30,000.00 "," $ 37,886.00 ",B.2.a,Habitat Assessment Costs (B.2.a),
14-1226,17506, NULL , NULL ,C.0.a,Habitat Restoration and Acquisition Costs (C.0.a),
14-1226,17506," $ 247,010.00 "," $ 572,601.00 ",C.4.a,Instream Habitat Costs (C.4.a),
14-1226,17506," $ 27,330.00 "," $ 27,330.00 ",C.5.a,Riparian Habitat Costs (C.5.a),
14-1226,17506," $ 6,000.00 ", $ 935.00 ,NULL,Cultural Resource Costs,
14-1226,17506," $ 52,000.00 "," $ 40,930.00 ",NULL,Permits Costs,
14-1226,17506," $ 91,350.00 "," $ 95,848.21 ",NULL,Architectural & Engineering Costs,
14-1306,17577, NULL , NULL ,B.0.a,Planning And Assessment Costs (B.0.a),
14-1306,17577, NULL ," $ 8,787.00 ",B.1.a,Planning/Coordination Costs (B.1.a),
14-1306,17577," $ 145,000.00 "," $ 133,045.00 ",NULL,Design for Salmon restoration Costs,
14-1356,NULL," $ 55,000.00 "," $ 13,686.79 ",NULL,Incidental Costs,
14-1356,NULL," $ 40,000.00 "," $ 10,649.21 ",NULL,Administrative Costs,
14-1356,NULL," $ 864,310.00 "," $ 330,000.00 ",NULL,Real Property Acquisition Costs,
14-1356,NULL," $ 30,000.00 "," $ 12,567.07 ",NULL,Incidental Costs,
14-1356,NULL," $ 20,000.00 "," $ 25,784.23 ",NULL,Administrative Costs,
14-1356,NULL," $ 425,000.00 "," $ 418,000.00 ",NULL,Real Property Acquisition Costs,
14-1356,NULL, NULL ," $ 27,256.21 ",NULL,Incidental Costs,
14-1356,NULL, NULL , $ 580.00 ,NULL,Administrative Costs,
14-1356,NULL, NULL ," $ 152,000.00 ",NULL,Real Property Acquisition Costs,
14-1356,NULL, NULL ," $ 8,846.95 ",NULL,Incidental Costs,
14-1356,NULL, NULL ," $ 54,300.00 ",NULL,Real Property Acquisition Costs,
14-1356,NULL, NULL ," $ 6,025.11 ",NULL,Incidental Costs,
14-1356,NULL, NULL ," $ 1,000.00 ",NULL,Administrative Costs,
14-1356,NULL, NULL ," $ 25,000.00 ",NULL,Real Property Acquisition Costs,
14-1356,NULL," $ 13,000.00 "," $ 16,472.41 ",NULL,Incidental Costs,
14-1356,NULL," $ 12,000.00 "," $ 15,635.56 ",NULL,Administrative Costs,
14-1356,NULL, NULL ," $ 248,387.00 ",NULL,Real Property Acquisition Costs,
14-1356,NULL, NULL , $ 955.00 ,NULL,Incidental Costs,
14-1356,NULL, NULL ," $ 19,713.71 ",NULL,Administrative Costs,
14-1356,NULL, NULL ," $ 142,851.35 ",NULL,Real Property Acquisition Costs,
14-1356,17714, NULL , NULL ,C.0.a,Habitat Restoration and Acquisition Costs (C.0.a),
14-1356,17714," $ 100,000.00 "," $ 27,780.00 ",C.5.a,Riparian Habitat Costs (C.5.a),
14-1356,17714," $ 10,000.00 "," $ 1,175.83 ",NULL,Architectural & Engineering Costs,
14-1356,17715, NULL , NULL ,C.0.a,Habitat Restoration and Acquisition Costs (C.0.a),
14-1356,17715," $ 45,000.00 "," $ 141,111.00 ",C.5.a,Riparian Habitat Costs (C.5.a),
14-1356,17715," $ 5,000.00 "," $ 6,790.57 ",NULL,Architectural & Engineering Costs,
14-1404,17689, NULL , NULL ,B.0.a,Planning And Assessment Costs (B.0.a),
14-1404,17689," $ 94,000.00 "," $ 100,000.00 ",NULL,Design for Salmon restoration Costs,
15-1110,20018," $ 25,000.00 "," $ 45,898.82 ",NULL,Architectural & Engineering Costs,
15-1110,20018, NULL , NULL ,C.0.a,Habitat Restoration and Acquisition Costs (C.0.a),
15-1110,20018," $ 119,275.00 "," $ 203,605.00 ",C.5.a,Riparian Habitat Costs (C.5.a),
15-1110,20160," $ 92,575.00 "," $ 16,583.00 ",C.5.a,Riparian Habitat Costs (C.5.a),
15-1110,20160, NULL , NULL ,C.0.a,Habitat Restoration and Acquisition Costs (C.0.a),
15-1110,20160," $ 9,500.00 "," $ 3,229.30 ",NULL,Architectural & Engineering Costs,
15-1124,20019, NULL , NULL ,C.0.a,Habitat Restoration and Acquisition Costs (C.0.a),
15-1124,20019," $ 140,000.00 "," $ 70,782.00 ",C.4.a,Instream Habitat Costs (C.4.a),
15-1124,20019," $ 5,000.00 "," $ 5,939.00 ",NULL,Permits Costs,
15-1124,20019," $ 36,450.00 "," $ 20,642.00 ",NULL,Architectural & Engineering Costs,
15-1131,20028, NULL , NULL ,C.0.a,Habitat Restoration and Acquisition Costs (C.0.a),
15-1131,20028," $ 148,551.00 "," $ 184,293.00 ",C.4.a,Instream Habitat Costs (C.4.a),
15-1131,20028," $ 18,300.00 "," $ 36,710.00 ",C.5.a,Riparian Habitat Costs (C.5.a),
15-1131,20028," $ 1,697.00 ", $ 636.00 ,NULL,Permits Costs,
15-1131,20028," $ 25,645.00 "," $ 29,335.67 ",NULL,Architectural & Engineering Costs,
15-1131,20091, NULL , NULL ,C.0.a,Habitat Restoration and Acquisition Costs (C.0.a),
15-1131,20091," $ 24,742.00 "," $ 20,071.00 ",C.4.a,Instream Habitat Costs (C.4.a),
15-1131,20091," $ 1,700.00 "," $ 2,136.00 ",C.5.a,Riparian Habitat Costs (C.5.a),
15-1131,20091, $ 283.00 , $ 150.00 ,NULL,Permits Costs,
15-1131,20091," $ 4,274.00 "," $ 5,045.33 ",NULL,Architectural & Engineering Costs,
15-1163,NULL," $ 3,075,000.00 "," $ 3,011,399.19 ",NULL,Real Property Acquisition Costs,
15-1163,NULL, NULL ," $ 65,311.54 ",NULL,Incidental Costs,
15-1163,20059, NULL , NULL ,C.0.a,Habitat Restoration and Acquisition Costs (C.0.a),
15-1198,20103, NULL , NULL ,C.0.a,Habitat Restoration and Acquisition Costs (C.0.a),
15-1198,20103," $ 187,524.00 "," $ 111,055.00 ",C.2.a,Fish Passage Costs (C.2.a),
15-1198,20103," $ 158,000.00 "," $ 234,742.00 ",C.4.a,Instream Habitat Costs (C.4.a),
15-1198,20103," $ 100,000.00 "," $ 86,943.00 ",C.5.a,Riparian Habitat Costs (C.5.a),
15-1198,20103," $ 5,000.00 "," $ 12,563.00 ",NULL,Permits Costs,
15-1198,20103," $ 25,000.00 "," $ 34,712.30 ",NULL,Architectural & Engineering Costs,
15-1198,20103, NULL ," $ 2,824.00 ",NULL,Agency Indirect Costs,
15-1333,20300, NULL , NULL ,E.0.a,RM&E Costs (E.0.a),
15-1333,20300," $ 64,853.00 "," $ 64,587.00 ",E.1.a,Monitoring Costs (E.1.a),
15-1442,20410, NULL , NULL ,F.0.a,"Outreach, Education And Assistance Costs (F.0.a)",
15-1442,20410," $ 15,000.00 "," $ 15,000.00 ",F.1.a,Outreach/ Education Costs (F.1.a),
16-1318,21112, NULL , NULL ,C.0.a,Habitat Restoration and Acquisition Costs (C.0.a),
16-1318,21112," $ 35,295.00 "," $ 10,000.00 ",C.5.a,Riparian Habitat Costs (C.5.a),
16-1318,21112," $ 1,096,879.00 "," $ 1,253,449.00 ",C.9.a,Estuarine / Nearshore Costs (C.9.a),
16-1318,21112," $ 20,000.00 "," $ 20,000.00 ",NULL,Cultural Resource Costs,
16-1318,21112," $ 50,000.00 "," $ 70,000.00 ",NULL,Permits Costs,
16-1318,21112," $ 272,533.00 "," $ 121,258.45 ",NULL,Architectural & Engineering Costs,
16-1318,21112, $ 1.00 , NULL ,NULL,Agency Indirect Costs,Not able to estimate agency indrect costs
16-1356,21122, NULL , NULL ,C.0.a,Habitat Restoration and Acquisition Costs (C.0.a),
16-1356,21122," $ 1,317,660.00 "," $ 1,317,660.00 ",C.9.a,Estuarine / Nearshore Costs (C.9.a),
16-1356,21122," $ 66,240.00 "," $ 80,000.00 ",NULL,Cultural Resource Costs,
16-1356,21122," $ 24,000.00 "," $ 20,000.00 ",NULL,Permits Costs,
16-1356,21122," $ 100,000.00 "," $ 40,684.47 ",NULL,Architectural & Engineering Costs,
16-1356,21122," $ 45,000.00 "," $ 69,988.00 ",C.4.a,Instream Habitat Costs (C.4.a),
16-1539,21302," $ 27,000.00 "," $ 26,173.81 ",NULL,Architectural & Engineering Costs,
16-1539,21302, NULL , NULL ,C.0.a,Habitat Restoration and Acquisition Costs (C.0.a),
16-1539,21302," $ 690,025.00 "," $ 348,503.00 ",C.5.a,Riparian Habitat Costs (C.5.a),
16-1539,21302," $ 2,975.00 "," $ 332,892.00 ",C.11.a,Site Stewardship Costs (C.11.a),
16-1539,21302," $ 30,000.00 "," $ 8,100.00 ",NULL,Cultural Resource Costs,
16-1559,21326, NULL , NULL ,C.0.a,Habitat Restoration and Acquisition Costs (C.0.a),
16-1559,21326," $ 902,619.00 "," $ 959,026.00 ",C.9.a,Estuarine / Nearshore Costs (C.9.a),
16-1559,21326," $ 20,000.00 "," $ 9,664.00 ",NULL,Cultural Resource Costs,
16-1559,21326, $ 1.00 ," $ 19,390.00 ",NULL,Permits Costs,
16-1559,21326," $ 127,380.00 "," $ 124,907.29 ",NULL,Architectural & Engineering Costs,
16-1608,21372," $ 274,000.00 "," $ 91,110.64 ",NULL,Architectural & Engineering Costs,
16-1608,21372," $ 65,000.00 "," $ 3,615.00 ",NULL,Permits Costs,
16-1608,21372, NULL , NULL ,C.0.a,Habitat Restoration and Acquisition Costs (C.0.a),
16-1608,21372," $ 740,500.00 "," $ 69,634.00 ",C.2.a,Fish Passage Costs (C.2.a),
16-1608,21372," $ 5,000.00 "," $ 3,615.00 ",NULL,Cultural Resource Costs,
16-1608,28655," $ 250,000.00 "," $ 242,090.00 ",C.2.a,Fish Passage Costs (C.2.a),
16-1608,28655, NULL , NULL ,C.0.a,Habitat Restoration and Acquisition Costs (C.0.a),
16-1608,28655," $ 6,000.00 "," $ 4,003.00 ",NULL,Permits Costs,
16-1608,28655," $ 68,500.00 "," $ 38,664.03 ",NULL,Architectural & Engineering Costs,
16-1608,28656," $ 168,500.00 "," $ 57,580.80 ",NULL,Architectural & Engineering Costs,
16-1608,28656," $ 50,000.00 "," $ 8,013.00 ",NULL,Permits Costs,
16-1608,28656, NULL , NULL ,C.0.a,Habitat Restoration and Acquisition Costs (C.0.a),
16-1608,28656," $ 551,392.00 "," $ 292,247.00 ",C.2.a,Fish Passage Costs (C.2.a),
16-1639,21398, NULL , NULL ,B.0.a,Planning And Assessment Costs (B.0.a),
16-1639,21398," $ 12,403.00 "," $ 6,481.00 ",NULL,Cultural Resource Costs,
16-1639,21398," $ 65,992.00 "," $ 68,320.00 ",NULL,Design for Salmon restoration Costs,
16-1639,21398, NULL ," $ 3,473.00 ",NULL,Agency Indirect Costs,
16-1719,21478, NULL , NULL ,B.0.a,Planning And Assessment Costs (B.0.a),
16-1719,21478," $ 104,976.00 "," $ 108,429.00 ",NULL,Design for Salmon restoration Costs,
16-1719,21478," $ 14,010.00 "," $ 8,660.00 ",NULL,Agency Indirect Costs,
16-2152,22163, NULL , NULL ,E.0.a,RM&E Costs (E.0.a),
16-2152,22163," $ 131,464.00 "," $ 168,316.00 ",E.1.a,Monitoring Costs (E.1.a),
16-2758,22678, NULL , NULL ,C.0.a,Habitat Restoration and Acquisition Costs (C.0.a),
16-2758,22678," $ 131,732.00 "," $ 135,507.00 ",C.2.a,Fish Passage Costs (C.2.a),
16-2758,22678, $ 200.00 , $ 200.00 ,NULL,Permits Costs,
16-2758,22678," $ 18,400.00 "," $ 16,037.34 ",NULL,Architectural & Engineering Costs,
17-1107,22917, NULL , NULL ,B.0.a,Planning And Assessment Costs (B.0.a),
17-1107,22917," $ 86,600.00 "," $ 72,176.00 ",NULL,Design for Salmon restoration Costs,
17-1153,24067," $ 14,963.00 "," $ 6,710.00 ",NULL,Agency Indirect Costs,
17-1153,24067," $ 198,371.00 "," $ 190,834.00 ",NULL,Design for Salmon restoration Costs,
17-1153,24067, NULL , NULL ,B.0.a,Planning And Assessment Costs (B.0.a),
17-1153,24067," $ 9,070.00 "," $ 5,891.00 ",NULL,Cultural Resource Costs,
17-1238,24174, NULL , NULL ,B.0.a,Planning And Assessment Costs (B.0.a),
17-1238,24174," $ 26,707.00 "," $ 23,385.00 ",NULL,Design for Salmon restoration Costs,
17-1238,24174," $ 2,671.00 ", $ 853.00 ,NULL,Agency Indirect Costs,
18-1288,25186," $ 160,000.00 "," $ 184,160.00 ",NULL,Design for Salmon restoration Costs,
18-1288,25186, NULL , NULL ,B.0.a,Planning And Assessment Costs (B.0.a),
18-1416,25293," $ 4,942.00 ", $ 104.00 ,NULL,Agency Indirect Costs,
18-1416,25293," $ 3,000.00 "," $ 3,000.00 ",NULL,Permits Costs,
18-1416,25293," $ 37,714.00 "," $ 43,772.32 ",NULL,Architectural & Engineering Costs,
18-1416,25293, NULL , NULL ,C.0.a,Habitat Restoration and Acquisition Costs (C.0.a),
18-1416,25293," $ 50,000.00 "," $ 57,000.00 ",C.4.a,Instream Habitat Costs (C.4.a),
18-1416,25293," $ 16,000.00 ", $ 504.00 ,C.5.a,Riparian Habitat Costs (C.5.a),
18-1416,25293," $ 60,000.00 "," $ 50,000.00 ",C.9.a,Estuarine / Nearshore Costs (C.9.a),
18-1416,25293," $ 5,000.00 "," $ 4,393.00 ",NULL,Cultural Resource Costs,
18-1443,NULL," $ 30,250.00 ", $ 110.50 ,NULL,Incidental Costs,
18-1443,NULL," $ 1,085,514.00 "," $ 722,554.45 ",NULL,Real Property Acquisition Costs,
18-1443,NULL," $ 93,950.00 ", $ -   ,NULL,Incidental Costs,
18-1443,NULL," $ 5,000.00 ", $ 135.99 ,NULL,Administrative Costs,
18-1443,NULL," $ 304,918.00 "," $ 564,918.31 ",NULL,Real Property Acquisition Costs,
18-1443,NULL," $ 53,700.00 ", $ -   ,NULL,Incidental Costs,
18-1443,NULL," $ 5,000.00 ", $ 785.96 ,NULL,Administrative Costs,
18-1443,NULL," $ 330,000.00 "," $ 307,162.79 ",NULL,Real Property Acquisition Costs,
18-1443,25325, NULL , NULL ,C.0.a,Habitat Restoration and Acquisition Costs (C.0.a),
18-1443,29148, NULL , NULL ,C.0.a,Habitat Restoration and Acquisition Costs (C.0.a),
18-1463,25338, NULL , NULL ,E.0.a,RM&E Costs (E.0.a),
18-1463,25338," $ 51,191.00 "," $ 54,243.00 ",E.1.a,Monitoring Costs (E.1.a),
18-1465,25342," $ 12,000.00 "," $ 24,897.00 ",NULL,Agency Indirect Costs,
18-1465,25342," $ 116,495.00 "," $ 103,598.00 ",NULL,Design for Salmon restoration Costs,
18-1465,25342, NULL , NULL ,B.0.a,Planning And Assessment Costs (B.0.a),
18-1532,25395, NULL , NULL ,C.0.a,Habitat Restoration and Acquisition Costs (C.0.a),
18-1532,25395," $ 780,005.00 "," $ 2,000,000.00 ",C.4.a,Instream Habitat Costs (C.4.a),
18-1532,25395," $ 215,000.00 "," $ 840,058.00 ",C.6.a,Upland Habitat / Sediment Costs (C.6.a),
18-1589,25448, NULL , NULL ,C.0.a,Habitat Restoration and Acquisition Costs (C.0.a),
18-1589,25448," $ 251,973.00 "," $ 378,898.00 ",C.2.a,Fish Passage Costs (C.2.a),
18-1589,25448," $ 7,000.00 "," $ 2,720.00 ",NULL,Cultural Resource Costs,
18-1589,25448," $ 2,000.00 "," $ 1,139.00 ",NULL,Permits Costs,
18-1589,25448," $ 39,800.00 "," $ 51,074.01 ",NULL,Architectural & Engineering Costs,
18-1617,25483, NULL , NULL ,B.0.a,Planning And Assessment Costs (B.0.a),
18-1617,25483," $ 15,000.00 "," $ 8,921.00 ",NULL,Cultural Resource Costs,
18-1617,25483," $ 220,295.00 "," $ 229,872.00 ",NULL,Design for Salmon restoration Costs,
18-1628,25496, NULL , NULL ,B.0.a,Planning And Assessment Costs (B.0.a),
18-1628,25496," $ 50,000.00 "," $ 41,528.00 ",NULL,Cultural Resource Costs,
18-1628,25496," $ 1,126,000.00 "," $ 1,186,064.00 ",NULL,Design for Salmon restoration Costs,
18-1671,25537, NULL , NULL ,C.0.a,Habitat Restoration and Acquisition Costs (C.0.a),
18-1671,25537," $ 1,012,000.00 "," $ 906,278.00 ",C.2.a,Fish Passage Costs (C.2.a),
18-2028,27027, NULL , NULL ,C.0.a,Habitat Restoration and Acquisition Costs (C.0.a),
18-2028,27027," $ 140,000.00 "," $ 148,293.00 ",C.2.a,Fish Passage Costs (C.2.a),
18-2028,27027," $ 7,000.00 "," $ 2,500.00 ",NULL,Cultural Resource Costs,
18-2028,27027," $ 5,000.00 "," $ 1,000.00 ",NULL,Permits Costs,
18-2028,27027," $ 27,500.00 "," $ 25,843.05 ",NULL,Architectural & Engineering Costs,
18-2319,27426, NULL , NULL ,C.0.a,Habitat Restoration and Acquisition Costs (C.0.a),
18-2319,27426," $ 20,000.00 "," $ 10,000.00 ",NULL,Cultural Resource Costs,
18-2319,27426," $ 10,000.00 "," $ 10,000.00 ",NULL,Permits Costs,
18-2319,27426," $ 660,000.00 "," $ 37,621.81 ",NULL,Architectural & Engineering Costs,
18-2319,27426," $ 2,185,000.00 "," $ 1,948,771.00 ",C.9.a,Estuarine / Nearshore Costs (C.9.a),
19-1147,28274," $ 40,000.00 "," $ 156,655.00 ",NULL,Design for Salmon restoration Costs,
19-1147,28274, NULL , NULL ,B.0.a,Planning And Assessment Costs (B.0.a),
19-1147,28274," $ 10,000.00 "," $ 14,264.00 ",NULL,Cultural Resource Costs,
19-1365,NULL," $ 73,155.00 ", $ -   ,NULL,Incidental Costs,
19-1365,NULL," $ 324,100.00 "," $ 979,682.00 ",NULL,Real Property Acquisition Costs,
19-1365,NULL," $ 113,108.00 ", $ -   ,NULL,Real Property Acquisition Costs,
19-1365,28503, NULL , NULL ,C.0.a,Habitat Restoration and Acquisition Costs (C.0.a),
19-1365,30473, NULL , NULL ,C.0.a,Habitat Restoration and Acquisition Costs (C.0.a),
19-1366,28507," $ 15,000.00 "," $ 15,000.00 ",NULL,Permits Costs,
19-1366,28507," $ 50,190.00 "," $ 59,046.06 ",NULL,Architectural & Engineering Costs,
19-1366,28507, NULL , NULL ,C.0.a,Habitat Restoration and Acquisition Costs (C.0.a),
19-1366,28507," $ 179,810.00 "," $ 194,241.00 ",C.4.a,Instream Habitat Costs (C.4.a),
19-1366,28507," $ 44,118.00 "," $ 44,118.00 ",C.5.a,Riparian Habitat Costs (C.5.a),
19-1366,28507," $ 5,000.00 "," $ 5,000.00 ",NULL,Cultural Resource Costs,
19-1566,28788," $ 10,000.00 "," $ 10,000.00 ",NULL,Cultural Resource Costs,
19-1566,28788," $ 156,800.00 "," $ 236,166.00 ",NULL,Design for Fish Passage Costs,
19-1567,28800," $ 8,000.00 "," $ 3,798.00 ",NULL,Cultural Resource Costs,
19-1567,28800," $ 57,200.00 "," $ 61,402.00 ",NULL,Design for Fish Passage Costs,
19-1569,28805," $ 24,193.00 "," $ 36,306.00 ",B.2.a,Habitat Assessment Costs (B.2.a),
19-1569,28805, NULL , NULL ,B.0.a,Planning And Assessment Costs (B.0.a),
19-1569,28806, NULL , NULL ,B.0.a,Planning And Assessment Costs (B.0.a),
19-1569,28806," $ 45,949.00 "," $ 31,624.00 ",B.2.a,Habitat Assessment Costs (B.2.a),
19-1569,28843," $ 12,636.00 "," $ 15,008.00 ",B.2.a,Habitat Assessment Costs (B.2.a),
19-1569,28843, NULL , NULL ,B.0.a,Planning And Assessment Costs (B.0.a),
20-1135,29321," $ 7,740.00 "," $ 2,236.00 ",NULL,Agency Indirect Costs,
20-1135,29321," $ 42,934.00 "," $ 82,790.00 ",NULL,Design for Salmon restoration Costs,
20-1135,29321, NULL , NULL ,B.0.a,Planning And Assessment Costs (B.0.a),
20-1137,29324, NULL , NULL ,B.0.a,Planning And Assessment Costs (B.0.a),
20-1137,29324," $ 81,298.00 "," $ 74,427.00 ",NULL,Design for Salmon restoration Costs,
20-1137,29324," $ 8,130.00 "," $ 3,429.00 ",NULL,Agency Indirect Costs,
20-1306,29512, NULL , NULL ,B.0.a,Planning And Assessment Costs (B.0.a),
20-1306,29512," $ 8,000.00 "," $ 11,899.00 ",NULL,Cultural Resource Costs,
20-1306,29512," $ 192,000.00 "," $ 170,377.00 ",NULL,Design for Salmon restoration Costs,
20-1661,30165," $ 220,500.00 "," $ 242,996.00 ",C.2.a,Fish Passage Costs (C.2.a),
20-1661,30165," $ 64,242.00 "," $ 41,746.03 ",NULL,Architectural & Engineering Costs,
21-1210,31506," $ 79,199.00 "," $ 59,420.00 ",NULL,Design for Salmon restoration Costs,
21-1210,31506, NULL , NULL ,B.0.a,Planning And Assessment Costs (B.0.a),
21-1210,31506," $ 7,920.00 "," $ 2,393.00 ",NULL,Agency Indirect Costs,
21-1210,31507, NULL , NULL ,B.0.a,Planning And Assessment Costs (B.0.a),
21-1210,31507, $ 1.00 , $ -   ,NULL,Design for Salmon restoration Costs,
97-1295,NULL, NULL ," $ 12,595.31 ",NULL,Incidental Costs,
97-1295,NULL, NULL ," $ 57,525.00 ",NULL,Real Property Acquisition Costs,
97-1295,NULL, NULL ," $ 5,100.00 ",NULL,Administrative Costs,
97-1295,NULL, NULL ," $ 12,719.21 ",NULL,Incidental Costs,
97-1295,NULL, NULL ," $ 42,000.00 ",NULL,Real Property Acquisition Costs,
97-1295,NULL, NULL ," $ 4,200.00 ",NULL,Administrative Costs,
97-1295,NULL, NULL , $ 996.36 ,NULL,Incidental Costs,
97-1295,NULL, NULL , NULL ,NULL,Real Property Acquisition Costs,
97-1295,NULL, NULL , NULL ,NULL,Administrative Costs,
97-1295,NULL, NULL , $ 498.18 ,NULL,Incidental Costs,
97-1295,NULL, NULL , NULL ,NULL,Real Property Acquisition Costs,
97-1295,NULL, NULL , NULL ,NULL,Administrative Costs,
97-1295,NULL, NULL ," $ 5,600.00 ",NULL,Incidental Costs,
97-1295,NULL, NULL , NULL ,NULL,Real Property Acquisition Costs,
97-1295,NULL, NULL ," $ 1,000.00 ",NULL,Administrative Costs,
97-1295,NULL, NULL , NULL ,NULL,Incidental Costs,
97-1295,NULL, NULL , NULL ,NULL,Real Property Acquisition Costs,
97-1295,NULL, NULL ," $ 15,752.42 ",NULL,Administrative Costs,
97-1295,NULL, NULL , NULL ,NULL,Incidental Costs,
97-1295,NULL, NULL , NULL ,NULL,Real Property Acquisition Costs,
97-1295,NULL, NULL , NULL ,NULL,Administrative Costs,
97-1295,NULL, NULL , NULL ,NULL,Incidental Costs,
97-1295,NULL, NULL , NULL ,NULL,Real Property Acquisition Costs,
97-1295,NULL, NULL , NULL ,NULL,Administrative Costs,
97-1295,NULL, NULL , NULL ,NULL,Incidental Costs,
97-1295,NULL, NULL , NULL ,NULL,Real Property Acquisition Costs,
97-1295,NULL, NULL , NULL ,NULL,Administrative Costs,
97-1299,NULL, NULL ," $ 3,885.50 ",NULL,Incidental Costs,
97-1299,NULL, NULL , NULL ,NULL,Real Property Acquisition Costs,
97-1299,NULL, NULL , NULL ,NULL,Administrative Costs,
97-1299,NULL, NULL ," $ 20,979.40 ",NULL,Incidental Costs,
97-1299,NULL, NULL ," $ 117,400.00 ",NULL,Real Property Acquisition Costs,
97-1299,NULL, NULL ," $ 8,307.45 ",NULL,Administrative Costs,
97-1299,NULL, NULL ," $ 10,221.96 ",NULL,Incidental Costs,
97-1299,NULL, NULL ," $ 18,150.00 ",NULL,Real Property Acquisition Costs,
97-1299,NULL, NULL ," $ 1,815.00 ",NULL,Administrative Costs,
97-1299,NULL, NULL , NULL ,NULL,Incidental Costs,
97-1299,NULL, NULL , NULL ,NULL,Real Property Acquisition Costs,
97-1299,NULL, NULL , NULL ,NULL,Administrative Costs,
97-1299,NULL, NULL , NULL ,NULL,Incidental Costs,
97-1299,NULL, NULL , NULL ,NULL,Real Property Acquisition Costs,
97-1299,NULL, NULL , NULL ,NULL,Administrative Costs,
97-1299,NULL, NULL , NULL ,NULL,Incidental Costs,
97-1299,NULL, NULL , NULL ,NULL,Real Property Acquisition Costs,
97-1299,NULL, NULL , NULL ,NULL,Administrative Costs,
97-1299,8162, NULL , NULL ,C.4.a,Instream Habitat Costs (C.4.a),
97-1307,NULL, NULL ," $ 16,608.25 ",NULL,Incidental Costs,
97-1307,NULL, NULL , NULL ,NULL,Real Property Acquisition Costs,
97-1307,NULL, NULL ," $ 7,839.18 ",NULL,Administrative Costs,
97-1307,NULL, NULL ," $ 2,783.78 ",NULL,Incidental Costs,
97-1307,NULL, NULL , NULL ,NULL,Real Property Acquisition Costs,
97-1307,NULL, NULL , $ 757.18 ,NULL,Administrative Costs,
97-1307,NULL, NULL ," $ 2,783.79 ",NULL,Incidental Costs,
97-1307,NULL, NULL , NULL ,NULL,Real Property Acquisition Costs,
97-1307,NULL, NULL , $ 757.18 ,NULL,Administrative Costs,
97-1307,NULL, NULL ," $ 2,783.79 ",NULL,Incidental Costs,
97-1307,NULL, NULL , NULL ,NULL,Real Property Acquisition Costs,
97-1307,NULL, NULL , $ 757.18 ,NULL,Administrative Costs,
97-1307,NULL, NULL ," $ 2,783.79 ",NULL,Incidental Costs,
97-1307,NULL, NULL , NULL ,NULL,Real Property Acquisition Costs,
97-1307,NULL, NULL , $ 757.18 ,NULL,Administrative Costs,
97-1307,NULL, NULL ," $ 2,783.79 ",NULL,Incidental Costs,
97-1307,NULL, NULL , NULL ,NULL,Real Property Acquisition Costs,
97-1307,NULL, NULL , $ 757.18 ,NULL,Administrative Costs,
97-1307,NULL, NULL ," $ 1,394.25 ",NULL,Incidental Costs,
97-1307,NULL, NULL , NULL ,NULL,Real Property Acquisition Costs,
97-1307,NULL, NULL , $ 131.00 ,NULL,Administrative Costs,
97-1307,NULL, NULL ," $ 1,394.25 ",NULL,Incidental Costs,
97-1307,NULL, NULL , NULL ,NULL,Real Property Acquisition Costs,
97-1307,NULL, NULL , $ 131.00 ,NULL,Administrative Costs,
97-1307,NULL, NULL ," $ (1,004.71)",NULL,Incidental Costs,
97-1307,NULL, NULL , NULL ,NULL,Real Property Acquisition Costs,
97-1307,NULL, NULL ," $ 1,334.22 ",NULL,Administrative Costs,
97-1307,NULL, NULL ," $ 2,783.79 ",NULL,Incidental Costs,
97-1307,NULL, NULL , NULL ,NULL,Real Property Acquisition Costs,
97-1307,NULL, NULL , $ 757.18 ,NULL,Administrative Costs,
97-1307,NULL, NULL ," $ 2,783.79 ",NULL,Incidental Costs,
97-1307,NULL, NULL , NULL ,NULL,Real Property Acquisition Costs,
97-1307,NULL, NULL , $ 757.18 ,NULL,Administrative Costs,
97-1307,NULL, NULL ," $ 2,783.79 ",NULL,Incidental Costs,
97-1307,NULL, NULL , NULL ,NULL,Real Property Acquisition Costs,
97-1307,NULL, NULL , $ 757.18 ,NULL,Administrative Costs,
97-1307,NULL, NULL ," $ 2,783.79 ",NULL,Incidental Costs,
97-1307,NULL, NULL , NULL ,NULL,Real Property Acquisition Costs,
97-1307,NULL, NULL , $ 757.18 ,NULL,Administrative Costs,
97-1307,NULL, NULL ," $ 2,783.54 ",NULL,Incidental Costs,
97-1307,NULL, NULL , NULL ,NULL,Real Property Acquisition Costs,
97-1307,NULL, NULL , $ 757.19 ,NULL,Administrative Costs,
97-1307,NULL, NULL ," $ 2,783.79 ",NULL,Incidental Costs,
97-1307,NULL, NULL , NULL ,NULL,Real Property Acquisition Costs,
97-1307,NULL, NULL , $ 757.18 ,NULL,Administrative Costs,
97-1307,NULL, NULL ," $ 2,783.79 ",NULL,Incidental Costs,
97-1307,NULL, NULL , NULL ,NULL,Real Property Acquisition Costs,
97-1307,NULL, NULL , $ 757.18 ,NULL,Administrative Costs,
97-1307,NULL, NULL ," $ 2,783.79 ",NULL,Incidental Costs,
97-1307,NULL, NULL , NULL ,NULL,Real Property Acquisition Costs,
97-1307,NULL, NULL , $ 757.18 ,NULL,Administrative Costs,
97-1307,NULL, NULL ," $ 2,783.79 ",NULL,Incidental Costs,
97-1307,NULL, NULL , NULL ,NULL,Real Property Acquisition Costs,
97-1307,NULL, NULL , $ 757.18 ,NULL,Administrative Costs,
97-1307,NULL, NULL ," $ 2,783.79 ",NULL,Incidental Costs,
97-1307,NULL, NULL , NULL ,NULL,Real Property Acquisition Costs,
97-1307,NULL, NULL , $ 757.18 ,NULL,Administrative Costs,
97-1307,NULL, NULL ," $ 2,783.77 ",NULL,Incidental Costs,
97-1307,NULL, NULL , NULL ,NULL,Real Property Acquisition Costs,
97-1307,NULL, NULL , $ 757.18 ,NULL,Administrative Costs,
97-1307,NULL, NULL ," $ 2,783.79 ",NULL,Incidental Costs,
97-1307,NULL, NULL , NULL ,NULL,Real Property Acquisition Costs,
97-1307,NULL, NULL , $ 757.18 ,NULL,Administrative Costs,
97-1307,NULL, NULL , NULL ,NULL,Incidental Costs,
97-1307,NULL, NULL , NULL ,NULL,Real Property Acquisition Costs,
97-1307,NULL, NULL , NULL ,NULL,Administrative Costs,
97-1307,NULL, NULL , NULL ,NULL,Incidental Costs,
97-1307,NULL, NULL , NULL ,NULL,Real Property Acquisition Costs,
97-1307,NULL, NULL , NULL ,NULL,Administrative Costs,
97-1307,8166, NULL , NULL ,C.2.a,Fish Passage Costs (C.2.a),
99-1367,8627, NULL , NULL ,C.0.a,Habitat Restoration and Acquisition Costs (C.0.a),
99-1367,8627, NULL , NULL ,C.4.a,Instream Habitat Costs (C.4.a),
99-1367,8627, NULL , NULL ,NULL,General Restoration Activity Costs,
99-1367,8627," $ 13,044.00 "," $ 10,283.58 ",NULL,Architectural & Engineering Costs,
99-1369,8633, NULL , NULL ,C.0.a,Habitat Restoration and Acquisition Costs (C.0.a),
99-1369,8633, NULL , NULL ,C.5.a,Riparian Habitat Costs (C.5.a),
99-1369,8633, NULL , NULL ,C.8.a,Wetland Costs (C.8.a),
99-1369,8633, NULL , NULL ,NULL,Permits Costs,
99-1369,8633," $ 12,000.00 "," $ 25,266.53 ",NULL,Architectural & Engineering Costs,
99-1381,8667, NULL , NULL ,C.0.a,Habitat Restoration and Acquisition Costs (C.0.a),
99-1381,8667, NULL , NULL ,C.4.a,Instream Habitat Costs (C.4.a),
99-1381,8667, NULL , NULL ,C.5.a,Riparian Habitat Costs (C.5.a),
99-1381,8667," $ 5,000.00 "," $ 21,068.98 ",NULL,Architectural & Engineering Costs,
99-1381,8668, NULL , NULL ,C.5.a,Riparian Habitat Costs (C.5.a),
99-1381,8668, NULL , NULL ,C.0.a,Habitat Restoration and Acquisition Costs (C.0.a),
99-1381,8669, NULL , NULL ,C.5.a,Riparian Habitat Costs (C.5.a),
99-1381,8669, NULL , NULL ,C.0.a,Habitat Restoration and Acquisition Costs (C.0.a),
99-1381,8670, NULL , NULL ,C.5.a,Riparian Habitat Costs (C.5.a),
99-1381,8670, NULL , NULL ,C.0.a,Habitat Restoration and Acquisition Costs (C.0.a),
99-1381,8671, NULL , NULL ,C.5.a,Riparian Habitat Costs (C.5.a),
99-1381,8671, NULL , NULL ,C.0.a,Habitat Restoration and Acquisition Costs (C.0.a),
99-1381,8672, NULL , NULL ,C.5.a,Riparian Habitat Costs (C.5.a),
99-1381,8672, NULL , NULL ,C.0.a,Habitat Restoration and Acquisition Costs (C.0.a),
99-1381,8673, NULL , NULL ,C.5.a,Riparian Habitat Costs (C.5.a),
99-1381,8673, NULL , NULL ,C.0.a,Habitat Restoration and Acquisition Costs (C.0.a),
99-1381,8674, NULL , NULL ,C.5.a,Riparian Habitat Costs (C.5.a),
99-1381,8674, NULL , NULL ,C.0.a,Habitat Restoration and Acquisition Costs (C.0.a),
99-1382,8675, NULL , NULL ,C.0.a,Habitat Restoration and Acquisition Costs (C.0.a),
99-1382,8675, NULL , NULL ,C.5.a,Riparian Habitat Costs (C.5.a),
99-1382,8675, NULL , NULL ,C.8.a,Wetland Costs (C.8.a),
99-1382,8675, NULL , NULL ,NULL,General Restoration Activity Costs,
99-1382,8675, NULL , NULL ,NULL,Permits Costs,
99-1382,8675," $ 5,000.00 "," $ 12,146.43 ",NULL,Architectural & Engineering Costs,
99-1384,8677, NULL , NULL ,C.0.a,Habitat Restoration and Acquisition Costs (C.0.a),
99-1384,8677, NULL , NULL ,C.5.a,Riparian Habitat Costs (C.5.a),
99-1384,8677, NULL , NULL ,NULL,General Restoration Activity Costs,
99-1384,8678, NULL , NULL ,C.5.a,Riparian Habitat Costs (C.5.a),
99-1384,8678, NULL , NULL ,C.0.a,Habitat Restoration and Acquisition Costs (C.0.a),
99-1401,8688, NULL , NULL ,C.0.a,Habitat Restoration and Acquisition Costs (C.0.a),
99-1401,8688, NULL , NULL ,C.5.a,Riparian Habitat Costs (C.5.a),
99-1401,8688, NULL , NULL ,NULL,General Restoration Activity Costs,
99-1425,8698, NULL , NULL ,C.0.a,Habitat Restoration and Acquisition Costs (C.0.a),
99-1425,8698, NULL , NULL ,C.5.a,Riparian Habitat Costs (C.5.a),
99-1425,8698, NULL , NULL ,NULL,General Restoration Activity Costs,
99-1425,8699, NULL , NULL ,C.5.a,Riparian Habitat Costs (C.5.a),
99-1425,8699, NULL , NULL ,C.0.a,Habitat Restoration and Acquisition Costs (C.0.a),
99-1429,8704, NULL , NULL ,C.0.a,Habitat Restoration and Acquisition Costs (C.0.a),
99-1429,8704, NULL ," $ 95,574.92 ",C.2.a,Fish Passage Costs (C.2.a),
99-1452,8721, NULL , NULL ,C.0.a,Habitat Restoration and Acquisition Costs (C.0.a),
99-1452,8721, NULL , NULL ,C.2.a,Fish Passage Costs (C.2.a),
99-1452,8721," $ 3,000.00 "," $ 2,698.50 ",NULL,Architectural & Engineering Costs,
99-1687,8959, NULL , NULL ,B.0.a,Planning And Assessment Costs (B.0.a),
99-1687,8959, NULL ," $ 91,674.56 ",B.1.a,Planning/Coordination Costs (B.1.a),
99-1697,8974, NULL , NULL ,B.0.a,Planning And Assessment Costs (B.0.a),
99-1697,8974, NULL ," $ 106,400.00 ",B.1.a,Planning/Coordination Costs (B.1.a),
99-1698,8975, NULL , NULL ,B.0.a,Planning And Assessment Costs (B.0.a),
99-1701,8978, NULL , NULL ,B.0.a,Planning And Assessment Costs (B.0.a),
99-1701,8978, NULL ," $ 115,729.57 ",B.1.a,Planning/Coordination Costs (B.1.a),
99-1704,8981, NULL , NULL ,B.0.a,Planning And Assessment Costs (B.0.a),
99-1704,8981, NULL ," $ 422,920.38 ",B.1.a,Planning/Coordination Costs (B.1.a),
99-1706,8983, NULL , NULL ,C.0.a,Habitat Restoration and Acquisition Costs (C.0.a),
99-1706,8983, NULL , NULL ,C.2.a,Fish Passage Costs (C.2.a),
99-1706,8983, NULL , NULL ,C.11.a,Site Stewardship Costs (C.11.a),
99-1706,8983, NULL , NULL ,NULL,General Restoration Activity Costs,
99-1706,8983," $ 21,100.00 ", $ -   ,NULL,Architectural & Engineering Costs,
99-1720,9008, NULL , NULL ,C.0.a,Habitat Restoration and Acquisition Costs (C.0.a),
99-1720,9008, NULL , NULL ,C.2.a,Fish Passage Costs (C.2.a),
99-1720,9008, NULL , NULL ,C.11.a,Site Stewardship Costs (C.11.a),
99-1720,9008, NULL , NULL ,NULL,General Restoration Activity Costs,
99-1720,9008," $ 11,900.00 ", $ -   ,NULL,Architectural & Engineering Costs,