pop,subbasin_num,subbasin,scenario,n,n_curr,perc_change
coho,1,mainstem_Stillaguamish,Barriers,0,0,NA
coho,1,mainstem_Stillaguamish,Beaver,113.5506281,0,Inf
coho,1,mainstem_Stillaguamish,Current,0,0,NA
coho,1,mainstem_Stillaguamish,Fine_sediment,291.6930582,0,Inf
coho,1,mainstem_Stillaguamish,Floodplain,6751.872832,0,Inf
coho,1,mainstem_Stillaguamish,LR,0,0,NA
coho,1,mainstem_Stillaguamish,Shade,0,0,NA
coho,1,mainstem_Stillaguamish,Wood,0,0,NA
coho,2,mainstem_North_Fork_Stillaguamish_01,Barriers,1160.476424,1140.468331,0.01754375141
coho,2,mainstem_North_Fork_Stillaguamish_01,Beaver,1652.938435,1140.468331,0.4493505782
coho,2,mainstem_North_Fork_Stillaguamish_01,Current,1140.468331,1140.468331,0
coho,2,mainstem_North_Fork_Stillaguamish_01,Fine_sediment,1265.235631,1140.468331,0.1094000565
coho,2,mainstem_North_Fork_Stillaguamish_01,Floodplain,3086.711338,1140.468331,1.706529637
coho,2,mainstem_North_Fork_Stillaguamish_01,LR,1210.946367,1140.468331,0.06179745104
coho,2,mainstem_North_Fork_Stillaguamish_01,Shade,1275.199319,1140.468331,0.1181365445
coho,2,mainstem_North_Fork_Stillaguamish_01,Wood,1476.832724,1140.468331,0.2949353205
coho,3,mainstem_North_Fork_Stillaguamish_02,Barriers,567.519655,558.5123944,0.0161272348
coho,3,mainstem_North_Fork_Stillaguamish_02,Beaver,1072.870896,558.5123944,0.9209437544
coho,3,mainstem_North_Fork_Stillaguamish_02,Current,558.5123944,558.5123944,0
coho,3,mainstem_North_Fork_Stillaguamish_02,Fine_sediment,572.2349219,558.5123944,0.02456978139
coho,3,mainstem_North_Fork_Stillaguamish_02,Floodplain,988.9671741,558.5123944,0.7707166106
coho,3,mainstem_North_Fork_Stillaguamish_02,LR,629.2566678,558.5123944,0.1266655388
coho,3,mainstem_North_Fork_Stillaguamish_02,Shade,600.2322138,558.5123944,0.07469810839
coho,3,mainstem_North_Fork_Stillaguamish_02,Wood,723.1734073,558.5123944,0.2948206961
coho,4,mainstem_North_Fork_Stillaguamish_03,Barriers,981.5850877,976.2782806,0.005435752483
coho,4,mainstem_North_Fork_Stillaguamish_03,Beaver,1236.470452,976.2782806,0.2665143498
coho,4,mainstem_North_Fork_Stillaguamish_03,Current,976.2782806,976.2782806,0
coho,4,mainstem_North_Fork_Stillaguamish_03,Fine_sediment,982.12452,976.2782806,0.005988291958
coho,4,mainstem_North_Fork_Stillaguamish_03,Floodplain,1050.309312,976.2782806,0.07582984592
coho,4,mainstem_North_Fork_Stillaguamish_03,LR,1006.612043,976.2782806,0.03107081575
coho,4,mainstem_North_Fork_Stillaguamish_03,Shade,1027.969453,976.2782806,0.05294717014
coho,4,mainstem_North_Fork_Stillaguamish_03,Wood,1186.03242,976.2782806,0.2148507691
coho,5,mainstem_North_Fork_Stillaguamish_04,Barriers,43.21632796,43.21632796,0
coho,5,mainstem_North_Fork_Stillaguamish_04,Beaver,59.4433804,43.21632796,0.3754842951
coho,5,mainstem_North_Fork_Stillaguamish_04,Current,43.21632796,43.21632796,0
coho,5,mainstem_North_Fork_Stillaguamish_04,Fine_sediment,44.23361928,43.21632796,0.02353951304
coho,5,mainstem_North_Fork_Stillaguamish_04,Floodplain,168.3992184,43.21632796,2.896657268
coho,5,mainstem_North_Fork_Stillaguamish_04,LR,43.44912413,43.21632796,0.005386764139
coho,5,mainstem_North_Fork_Stillaguamish_04,Shade,45.01711796,43.21632796,0.04166920429
coho,5,mainstem_North_Fork_Stillaguamish_04,Wood,104.8534625,43.21632796,1.426246454
coho,6,mainstem_South_Fork_Stillaguamish_01,Barriers,165.0466554,167.8888844,-0.01692922685
coho,6,mainstem_South_Fork_Stillaguamish_01,Beaver,229.2759427,167.8888844,0.3656409924
coho,6,mainstem_South_Fork_Stillaguamish_01,Current,167.8888844,167.8888844,0
coho,6,mainstem_South_Fork_Stillaguamish_01,Fine_sediment,216.1615944,167.8888844,0.2875277308
coho,6,mainstem_South_Fork_Stillaguamish_01,Floodplain,1125.442792,167.8888844,5.703497948
coho,6,mainstem_South_Fork_Stillaguamish_01,LR,181.8530125,167.8888844,0.08317482203
coho,6,mainstem_South_Fork_Stillaguamish_01,Shade,212.4445396,167.8888844,0.2653877611
coho,6,mainstem_South_Fork_Stillaguamish_01,Wood,293.1708827,167.8888844,0.7462197314
coho,7,mainstem_South_Fork_Stillaguamish_02,Barriers,0,0,NA
coho,7,mainstem_South_Fork_Stillaguamish_02,Beaver,0,0,NA
coho,7,mainstem_South_Fork_Stillaguamish_02,Current,0,0,NA
coho,7,mainstem_South_Fork_Stillaguamish_02,Fine_sediment,0,0,NA
coho,7,mainstem_South_Fork_Stillaguamish_02,Floodplain,0,0,NA
coho,7,mainstem_South_Fork_Stillaguamish_02,LR,0,0,NA
coho,7,mainstem_South_Fork_Stillaguamish_02,Shade,0,0,NA
coho,7,mainstem_South_Fork_Stillaguamish_02,Wood,0,0,NA
coho,8,mainstem_South_Fork_Stillaguamish_03,Barriers,548.9716744,417.3634906,0.3153322866
coho,8,mainstem_South_Fork_Stillaguamish_03,Beaver,543.3438648,417.3634906,0.3018480943
coho,8,mainstem_South_Fork_Stillaguamish_03,Current,417.3634906,417.3634906,0
coho,8,mainstem_South_Fork_Stillaguamish_03,Fine_sediment,423.8717407,417.3634906,0.01559372184
coho,8,mainstem_South_Fork_Stillaguamish_03,Floodplain,559.0984851,417.3634906,0.3395960542
coho,8,mainstem_South_Fork_Stillaguamish_03,LR,417.3634906,417.3634906,0
coho,8,mainstem_South_Fork_Stillaguamish_03,Shade,428.0425143,417.3634906,0.02558686613
coho,8,mainstem_South_Fork_Stillaguamish_03,Wood,530.6695856,417.3634906,0.2714806101
coho,9,mainstem_South_Fork_Stillaguamish_04,Barriers,124.9678668,124.9678668,0
coho,9,mainstem_South_Fork_Stillaguamish_04,Beaver,228.1868899,124.9678668,0.8259645125
coho,9,mainstem_South_Fork_Stillaguamish_04,Current,124.9678668,124.9678668,0
coho,9,mainstem_South_Fork_Stillaguamish_04,Fine_sediment,125.1239538,124.9678668,0.001249017188
coho,9,mainstem_South_Fork_Stillaguamish_04,Floodplain,118.5021741,124.9678668,-0.05173884187
coho,9,mainstem_South_Fork_Stillaguamish_04,LR,155.1716021,124.9678668,0.2416920135
coho,9,mainstem_South_Fork_Stillaguamish_04,Shade,128.1015093,124.9678668,0.02507558637
coho,9,mainstem_South_Fork_Stillaguamish_04,Wood,162.6053362,124.9678668,0.3011771775
coho,10,mainstem_South_Fork_Stillaguamish_05,Barriers,323.5207953,323.5207953,0
coho,10,mainstem_South_Fork_Stillaguamish_05,Beaver,526.3062952,323.5207953,0.6268082387
coho,10,mainstem_South_Fork_Stillaguamish_05,Current,323.5207953,323.5207953,0
coho,10,mainstem_South_Fork_Stillaguamish_05,Fine_sediment,328.5599365,323.5207953,0.01557594231
coho,10,mainstem_South_Fork_Stillaguamish_05,Floodplain,465.6013926,323.5207953,0.439169906
coho,10,mainstem_South_Fork_Stillaguamish_05,LR,423.6326703,323.5207953,0.3094449459
coho,10,mainstem_South_Fork_Stillaguamish_05,Shade,324.3272157,323.5207953,0.002492638589
coho,10,mainstem_South_Fork_Stillaguamish_05,Wood,363.1134086,323.5207953,0.1223804278
coho,11,Squire_Creek,Barriers,855.0749922,855.0749922,0
coho,11,Squire_Creek,Beaver,1209.462007,855.0749922,0.4144513856
coho,11,Squire_Creek,Current,855.0749922,855.0749922,0
coho,11,Squire_Creek,Fine_sediment,908.1686343,855.0749922,0.06209238088
coho,11,Squire_Creek,Floodplain,940.7748888,855.0749922,0.1002250065
coho,11,Squire_Creek,LR,862.1227374,855.0749922,0.008242253946
coho,11,Squire_Creek,Shade,863.2271313,855.0749922,0.009533829496
coho,11,Squire_Creek,Wood,989.2978201,855.0749922,0.1569719957
coho,12,Pilchuck_Creek,Barriers,1655.932025,1627.847908,0.01725229764
coho,12,Pilchuck_Creek,Beaver,2863.656818,1627.847908,0.7591673053
coho,12,Pilchuck_Creek,Current,1627.847908,1627.847908,0
coho,12,Pilchuck_Creek,Fine_sediment,1640.284793,1627.847908,0.007640078107
coho,12,Pilchuck_Creek,Floodplain,2003.915665,1627.847908,0.2310214334
coho,12,Pilchuck_Creek,LR,1659.474763,1627.847908,0.01942863004
coho,12,Pilchuck_Creek,Shade,1701.69379,1627.847908,0.04536411617
coho,12,Pilchuck_Creek,Wood,1862.170765,1627.847908,0.1439464063
coho,13,Jim_Creek,Barriers,1965.040373,1958.841367,0.003164628862
coho,13,Jim_Creek,Beaver,2977.838224,1958.841367,0.5202038685
coho,13,Jim_Creek,Current,1958.841367,1958.841367,0
coho,13,Jim_Creek,Fine_sediment,2014.634049,1958.841367,0.02848249121
coho,13,Jim_Creek,Floodplain,1912.181503,1958.841367,-0.02382013403
coho,13,Jim_Creek,LR,2009.408755,1958.841367,0.02581494797
coho,13,Jim_Creek,Shade,2002.70741,1958.841367,0.02239387187
coho,13,Jim_Creek,Wood,2207.943507,1958.841367,0.1271681025
coho,14,Canyon_Creek,Barriers,1022.413032,1022.413032,0
coho,14,Canyon_Creek,Beaver,1317.830821,1022.413032,0.2889417287
coho,14,Canyon_Creek,Current,1022.413032,1022.413032,0
coho,14,Canyon_Creek,Fine_sediment,1023.52563,1022.413032,0.00108820786
coho,14,Canyon_Creek,Floodplain,1049.367035,1022.413032,0.02636312523
coho,14,Canyon_Creek,LR,1067.892704,1022.413032,0.04448268043
coho,14,Canyon_Creek,Shade,1057.678428,1022.413032,0.03449231858
coho,14,Canyon_Creek,Wood,1234.900726,1022.413032,0.2078296026
coho,15,Deer_Creek,Barriers,1028.401294,1028.401294,0
coho,15,Deer_Creek,Beaver,1279.519528,1028.401294,0.2441831181
coho,15,Deer_Creek,Current,1028.401294,1028.401294,0
coho,15,Deer_Creek,Fine_sediment,1028.737776,1028.401294,0.0003271895659
coho,15,Deer_Creek,Floodplain,948.4285478,1028.401294,-0.07776414369
coho,15,Deer_Creek,LR,1062.073011,1028.401294,0.03274180708
coho,15,Deer_Creek,Shade,1036.767294,1028.401294,0.008134956541
coho,15,Deer_Creek,Wood,1184.951846,1028.401294,0.1522271051
coho,16,Boulder_River,Barriers,160.5850639,160.5850639,0
coho,16,Boulder_River,Beaver,160.5850639,160.5850639,0
coho,16,Boulder_River,Current,160.5850639,160.5850639,0
coho,16,Boulder_River,Fine_sediment,160.5850639,160.5850639,0
coho,16,Boulder_River,Floodplain,156.825605,160.5850639,-0.02341101173
coho,16,Boulder_River,LR,166.6284359,160.5850639,0.03763346303
coho,16,Boulder_River,Shade,160.5850639,160.5850639,0
coho,16,Boulder_River,Wood,181.0615647,160.5850639,0.1275118641
coho,17,Church_Creek,Barriers,810.0227363,0,Inf
coho,17,Church_Creek,Beaver,0.01852167607,0,Inf
coho,17,Church_Creek,Current,0,0,NA
coho,17,Church_Creek,Fine_sediment,26.62498054,0,Inf
coho,17,Church_Creek,Floodplain,0,0,NA
coho,17,Church_Creek,LR,0,0,NA
coho,17,Church_Creek,Shade,0,0,NA
coho,17,Church_Creek,Wood,0.008599697896,0,Inf
coho,18,Harvey_Armstrong_Creek,Barriers,742.4060892,279.0001995,1.660951822
coho,18,Harvey_Armstrong_Creek,Beaver,362.369453,279.0001995,0.2988143149
coho,18,Harvey_Armstrong_Creek,Current,279.0001995,279.0001995,0
coho,18,Harvey_Armstrong_Creek,Fine_sediment,417.1435829,279.0001995,0.4951372208
coho,18,Harvey_Armstrong_Creek,Floodplain,281.3384026,279.0001995,0.008380650349
coho,18,Harvey_Armstrong_Creek,LR,279.0001995,279.0001995,0
coho,18,Harvey_Armstrong_Creek,Shade,286.3371354,279.0001995,0.02629724244
coho,18,Harvey_Armstrong_Creek,Wood,393.92167,279.0001995,0.4119046176
coho,19,Portage_Creek,Barriers,389.3774615,104.8759492,2.712743145
coho,19,Portage_Creek,Beaver,206.3589378,104.8759492,0.9676478677
coho,19,Portage_Creek,Current,104.8759492,104.8759492,0
coho,19,Portage_Creek,Fine_sediment,208.8360253,104.8759492,0.9912670816
coho,19,Portage_Creek,Floodplain,106.901875,104.8759492,0.01931735336
coho,19,Portage_Creek,LR,104.8759492,104.8759492,0
coho,19,Portage_Creek,Shade,113.1795154,104.8759492,0.07917512335
coho,19,Portage_Creek,Wood,185.4944752,104.8759492,0.7687036604
coho,20,Upland_Lower_Stillaguamish,Barriers,68.6340529,36.46527718,0.8821755437
coho,20,Upland_Lower_Stillaguamish,Beaver,46.3785886,36.46527718,0.2718561926
coho,20,Upland_Lower_Stillaguamish,Current,36.46527718,36.46527718,0
coho,20,Upland_Lower_Stillaguamish,Fine_sediment,67.9568191,36.46527718,0.8636035252
coho,20,Upland_Lower_Stillaguamish,Floodplain,36.96408534,36.46527718,0.01367898986
coho,20,Upland_Lower_Stillaguamish,LR,36.46527718,36.46527718,0
coho,20,Upland_Lower_Stillaguamish,Shade,36.75872984,36.46527718,0.008047454632
coho,20,Upland_Lower_Stillaguamish,Wood,67.22438118,36.46527718,0.843517625
coho,21,Upland_Lower_North_Fk_Stillaguamish,Barriers,373.3889471,319.011295,0.1704568239
coho,21,Upland_Lower_North_Fk_Stillaguamish,Beaver,719.8330701,319.011295,1.256450105
coho,21,Upland_Lower_North_Fk_Stillaguamish,Current,319.011295,319.011295,0
coho,21,Upland_Lower_North_Fk_Stillaguamish,Fine_sediment,334.9003744,319.011295,0.04980726296
coho,21,Upland_Lower_North_Fk_Stillaguamish,Floodplain,853.4816673,319.011295,1.675396391
coho,21,Upland_Lower_North_Fk_Stillaguamish,LR,319.011295,319.011295,0
coho,21,Upland_Lower_North_Fk_Stillaguamish,Shade,323.4651507,319.011295,0.01396143597
coho,21,Upland_Lower_North_Fk_Stillaguamish,Wood,481.6687052,319.011295,0.5098797843
coho,22,Upland_Middle_North_Fk_Stillaguamish,Barriers,295.0820496,289.7150703,0.01852502641
coho,22,Upland_Middle_North_Fk_Stillaguamish,Beaver,444.3344381,289.7150703,0.5336945974
coho,22,Upland_Middle_North_Fk_Stillaguamish,Current,289.7150703,289.7150703,0
coho,22,Upland_Middle_North_Fk_Stillaguamish,Fine_sediment,291.1603014,289.7150703,0.004988456774
coho,22,Upland_Middle_North_Fk_Stillaguamish,Floodplain,292.2267548,289.7150703,0.008669498948
coho,22,Upland_Middle_North_Fk_Stillaguamish,LR,289.7150703,289.7150703,0
coho,22,Upland_Middle_North_Fk_Stillaguamish,Shade,294.9292342,289.7150703,0.0179975583
coho,22,Upland_Middle_North_Fk_Stillaguamish,Wood,390.1389736,289.7150703,0.3466298914
coho,23,Upland_French-Segelsen,Barriers,344.5785696,326.6650664,0.05483752318
coho,23,Upland_French-Segelsen,Beaver,1000.040479,326.6650664,2.061363403
coho,23,Upland_French-Segelsen,Current,326.6650664,326.6650664,0
coho,23,Upland_French-Segelsen,Fine_sediment,327.8411815,326.6650664,0.003600369884
coho,23,Upland_French-Segelsen,Floodplain,327.6075974,326.6650664,0.002885313124
coho,23,Upland_French-Segelsen,LR,326.6650664,326.6650664,0
coho,23,Upland_French-Segelsen,Shade,327.830104,326.6650664,0.003566459161
coho,23,Upland_French-Segelsen,Wood,487.0842189,326.6650664,0.4910814439
coho,24,Upland_Upper_North_Fk_Stillaguamish,Barriers,15.8475876,15.8475876,0
coho,24,Upland_Upper_North_Fk_Stillaguamish,Beaver,39.37732918,15.8475876,1.484752264
coho,24,Upland_Upper_North_Fk_Stillaguamish,Current,15.8475876,15.8475876,0
coho,24,Upland_Upper_North_Fk_Stillaguamish,Fine_sediment,16.01791005,15.8475876,0.01074753133
coho,24,Upland_Upper_North_Fk_Stillaguamish,Floodplain,15.8475876,15.8475876,0
coho,24,Upland_Upper_North_Fk_Stillaguamish,LR,15.8475876,15.8475876,0
coho,24,Upland_Upper_North_Fk_Stillaguamish,Shade,15.8475876,15.8475876,0
coho,24,Upland_Upper_North_Fk_Stillaguamish,Wood,29.1173068,15.8475876,0.8373337022
coho,25,Upland_Squire_Creek,Barriers,474.4812956,474.4812956,0
coho,25,Upland_Squire_Creek,Beaver,735.834461,474.4812956,0.5508186895
coho,25,Upland_Squire_Creek,Current,474.4812956,474.4812956,0
coho,25,Upland_Squire_Creek,Fine_sediment,491.9573705,474.4812956,0.03683195749
coho,25,Upland_Squire_Creek,Floodplain,474.7818948,474.4812956,0.0006335322864
coho,25,Upland_Squire_Creek,LR,474.4812956,474.4812956,0
coho,25,Upland_Squire_Creek,Shade,474.941838,474.4812956,0.0009706228965
coho,25,Upland_Squire_Creek,Wood,603.2423599,474.4812956,0.2713722658
coho,26,Upland_Lower_South_Fk_Stillaguamish,Barriers,450.4492324,389.9026991,0.1552862635
coho,26,Upland_Lower_South_Fk_Stillaguamish,Beaver,525.0655744,389.9026991,0.3466579624
coho,26,Upland_Lower_South_Fk_Stillaguamish,Current,389.9026991,389.9026991,0
coho,26,Upland_Lower_South_Fk_Stillaguamish,Fine_sediment,441.1013197,389.9026991,0.1313112751
coho,26,Upland_Lower_South_Fk_Stillaguamish,Floodplain,374.9366226,389.9026991,-0.03838413175
coho,26,Upland_Lower_South_Fk_Stillaguamish,LR,389.9026991,389.9026991,0
coho,26,Upland_Lower_South_Fk_Stillaguamish,Shade,398.405431,389.9026991,0.02180731715
coho,26,Upland_Lower_South_Fk_Stillaguamish,Wood,524.9894917,389.9026991,0.34646283
coho,27,Upland_Stillaguamish_Canyon,Barriers,0,0,NA
coho,27,Upland_Stillaguamish_Canyon,Beaver,0,0,NA
coho,27,Upland_Stillaguamish_Canyon,Current,0,0,NA
coho,27,Upland_Stillaguamish_Canyon,Fine_sediment,1.735953269,0,Inf
coho,27,Upland_Stillaguamish_Canyon,Floodplain,0,0,NA
coho,27,Upland_Stillaguamish_Canyon,LR,0,0,NA
coho,27,Upland_Stillaguamish_Canyon,Shade,0,0,NA
coho,27,Upland_Stillaguamish_Canyon,Wood,0,0,NA
coho,28,Upland_Robe_Valley,Barriers,818.468335,798.685396,0.02476937613
coho,28,Upland_Robe_Valley,Beaver,1040.157958,798.685396,0.3023375206
coho,28,Upland_Robe_Valley,Current,798.685396,798.685396,0
coho,28,Upland_Robe_Valley,Fine_sediment,818.9848908,798.685396,0.02541613362
coho,28,Upland_Robe_Valley,Floodplain,800.0202726,798.685396,0.001671342214
coho,28,Upland_Robe_Valley,LR,798.685396,798.685396,0
coho,28,Upland_Robe_Valley,Shade,801.0238594,798.685396,0.002927890487
coho,28,Upland_Robe_Valley,Wood,1127.007789,798.685396,0.411078498
coho,29,Upland_Gold_Basin,Barriers,289.051692,289.051692,0
coho,29,Upland_Gold_Basin,Beaver,589.0932051,289.051692,1.038020262
coho,29,Upland_Gold_Basin,Current,289.051692,289.051692,0
coho,29,Upland_Gold_Basin,Fine_sediment,289.0567919,289.051692,1.76E-05
coho,29,Upland_Gold_Basin,Floodplain,295.1185128,289.051692,0.02098870509
coho,29,Upland_Gold_Basin,LR,289.051692,289.051692,0
coho,29,Upland_Gold_Basin,Shade,307.2442674,289.051692,0.06293883015
coho,29,Upland_Gold_Basin,Wood,387.8715576,289.051692,0.3418761014
coho,30,Upland_Upper_South_Fk_Stillaguamish,Barriers,357.3026781,348.7533042,0.02451410131
coho,30,Upland_Upper_South_Fk_Stillaguamish,Beaver,863.6565349,348.7533042,1.476411046
coho,30,Upland_Upper_South_Fk_Stillaguamish,Current,348.7533042,348.7533042,0
coho,30,Upland_Upper_South_Fk_Stillaguamish,Fine_sediment,370.8409516,348.7533042,0.0633331557
coho,30,Upland_Upper_South_Fk_Stillaguamish,Floodplain,348.7533042,348.7533042,0
coho,30,Upland_Upper_South_Fk_Stillaguamish,LR,354.1573109,348.7533042,0.01549521268
coho,30,Upland_Upper_South_Fk_Stillaguamish,Shade,348.7533042,348.7533042,0
coho,30,Upland_Upper_South_Fk_Stillaguamish,Wood,488.7803026,348.7533042,0.4015073022
coho,31,Stillaguamish_Delta,Barriers,0,0,NA
coho,31,Stillaguamish_Delta,Beaver,0,0,NA
coho,31,Stillaguamish_Delta,Current,0,0,NA
coho,31,Stillaguamish_Delta,Fine_sediment,0,0,NA
coho,31,Stillaguamish_Delta,Floodplain,0,0,NA
coho,31,Stillaguamish_Delta,LR,0,0,NA
coho,31,Stillaguamish_Delta,Shade,0,0,NA
coho,31,Stillaguamish_Delta,Wood,0,0,NA
coho,32,Upland_Boulder_River,Barriers,0,0,NA
coho,32,Upland_Boulder_River,Beaver,0,0,NA
coho,32,Upland_Boulder_River,Current,0,0,NA
coho,32,Upland_Boulder_River,Fine_sediment,0,0,NA
coho,32,Upland_Boulder_River,Floodplain,0,0,NA
coho,32,Upland_Boulder_River,LR,0,0,NA
coho,32,Upland_Boulder_River,Shade,0,0,NA
coho,32,Upland_Boulder_River,Wood,0,0,NA
coho,33,Upland_Pilchuck_Creek,Barriers,0,0,NA
coho,33,Upland_Pilchuck_Creek,Beaver,0,0,NA
coho,33,Upland_Pilchuck_Creek,Current,0,0,NA
coho,33,Upland_Pilchuck_Creek,Fine_sediment,0,0,NA
coho,33,Upland_Pilchuck_Creek,Floodplain,0,0,NA
coho,33,Upland_Pilchuck_Creek,LR,0,0,NA
coho,33,Upland_Pilchuck_Creek,Shade,0,0,NA
coho,33,Upland_Pilchuck_Creek,Wood,0,0,NA
coho,34,Upper_Upland_Upper_North_Fk_Stillaguamish,Barriers,0,0,NA
coho,34,Upper_Upland_Upper_North_Fk_Stillaguamish,Beaver,0,0,NA
coho,34,Upper_Upland_Upper_North_Fk_Stillaguamish,Current,0,0,NA
coho,34,Upper_Upland_Upper_North_Fk_Stillaguamish,Fine_sediment,0,0,NA
coho,34,Upper_Upland_Upper_North_Fk_Stillaguamish,Floodplain,0,0,NA
coho,34,Upper_Upland_Upper_North_Fk_Stillaguamish,LR,0,0,NA
coho,34,Upper_Upland_Upper_North_Fk_Stillaguamish,Shade,0,0,NA
coho,34,Upper_Upland_Upper_North_Fk_Stillaguamish,Wood,0,0,NA
fall_chinook,1,mainstem_Stillaguamish,Barriers,0.001064420868,0.001064420868,0
fall_chinook,1,mainstem_Stillaguamish,Beaver,0.002113798508,0.001064420868,0.9858672172
fall_chinook,1,mainstem_Stillaguamish,Current,0.001064420868,0.001064420868,0
fall_chinook,1,mainstem_Stillaguamish,Fine_sediment,0.001077746984,0.001064420868,0.01251959282
fall_chinook,1,mainstem_Stillaguamish,Floodplain,3.97931286,0.001064420868,3737.476929
fall_chinook,1,mainstem_Stillaguamish,LR,0.01177152669,0.001064420868,10.05909047
fall_chinook,1,mainstem_Stillaguamish,Shade,0.1828748158,0.001064420868,170.8068682
fall_chinook,1,mainstem_Stillaguamish,Wood,0.00857895759,0.001064420868,7.05974201
fall_chinook,2,mainstem_North_Fork_Stillaguamish_01,Barriers,19.05339183,19.05339183,0
fall_chinook,2,mainstem_North_Fork_Stillaguamish_01,Beaver,19.10847982,19.05339183,0.002891242941
fall_chinook,2,mainstem_North_Fork_Stillaguamish_01,Current,19.05339183,19.05339183,0
fall_chinook,2,mainstem_North_Fork_Stillaguamish_01,Fine_sediment,19.08375193,19.05339183,0.00159342249
fall_chinook,2,mainstem_North_Fork_Stillaguamish_01,Floodplain,50.32770637,19.05339183,1.641404051
fall_chinook,2,mainstem_North_Fork_Stillaguamish_01,LR,19.94097194,19.05339183,0.04658383739
fall_chinook,2,mainstem_North_Fork_Stillaguamish_01,Shade,30.94030124,19.05339183,0.6238736658
fall_chinook,2,mainstem_North_Fork_Stillaguamish_01,Wood,20.26940896,19.05339183,0.0638215569
fall_chinook,3,mainstem_North_Fork_Stillaguamish_02,Barriers,90.26882459,90.26882459,0
fall_chinook,3,mainstem_North_Fork_Stillaguamish_02,Beaver,90.26882459,90.26882459,0
fall_chinook,3,mainstem_North_Fork_Stillaguamish_02,Current,90.26882459,90.26882459,0
fall_chinook,3,mainstem_North_Fork_Stillaguamish_02,Fine_sediment,90.26882459,90.26882459,0
fall_chinook,3,mainstem_North_Fork_Stillaguamish_02,Floodplain,110.6022107,90.26882459,0.2252536927
fall_chinook,3,mainstem_North_Fork_Stillaguamish_02,LR,96.15551228,90.26882459,0.06521285412
fall_chinook,3,mainstem_North_Fork_Stillaguamish_02,Shade,103.3535347,90.26882459,0.1449527031
fall_chinook,3,mainstem_North_Fork_Stillaguamish_02,Wood,94.57732161,90.26882459,0.04772962361
fall_chinook,4,mainstem_North_Fork_Stillaguamish_03,Barriers,111.7730199,111.7730199,0
fall_chinook,4,mainstem_North_Fork_Stillaguamish_03,Beaver,111.8386308,111.7730199,0.0005870012816
fall_chinook,4,mainstem_North_Fork_Stillaguamish_03,Current,111.7730199,111.7730199,0
fall_chinook,4,mainstem_North_Fork_Stillaguamish_03,Fine_sediment,111.7730199,111.7730199,0
fall_chinook,4,mainstem_North_Fork_Stillaguamish_03,Floodplain,136.2375832,111.7730199,0.2188771785
fall_chinook,4,mainstem_North_Fork_Stillaguamish_03,LR,118.0866604,111.7730199,0.0564862649
fall_chinook,4,mainstem_North_Fork_Stillaguamish_03,Shade,122.8697559,111.7730199,0.0992791995
fall_chinook,4,mainstem_North_Fork_Stillaguamish_03,Wood,118.2029867,111.7730199,0.05752700215
fall_chinook,5,mainstem_North_Fork_Stillaguamish_04,Barriers,25.8589438,25.8589438,0
fall_chinook,5,mainstem_North_Fork_Stillaguamish_04,Beaver,25.8589438,25.8589438,0
fall_chinook,5,mainstem_North_Fork_Stillaguamish_04,Current,25.8589438,25.8589438,0
fall_chinook,5,mainstem_North_Fork_Stillaguamish_04,Fine_sediment,25.88643968,25.8589438,0.001063302632
fall_chinook,5,mainstem_North_Fork_Stillaguamish_04,Floodplain,30.37120343,25.8589438,0.1744951252
fall_chinook,5,mainstem_North_Fork_Stillaguamish_04,LR,25.96586137,25.8589438,0.004134645645
fall_chinook,5,mainstem_North_Fork_Stillaguamish_04,Shade,27.7092862,25.8589438,0.07155521956
fall_chinook,5,mainstem_North_Fork_Stillaguamish_04,Wood,27.14024465,25.8589438,0.04954962045
fall_chinook,6,mainstem_South_Fork_Stillaguamish_01,Barriers,36.84498843,36.84498843,0
fall_chinook,6,mainstem_South_Fork_Stillaguamish_01,Beaver,36.84554061,36.84498843,1.50E-05
fall_chinook,6,mainstem_South_Fork_Stillaguamish_01,Current,36.84498843,36.84498843,0
fall_chinook,6,mainstem_South_Fork_Stillaguamish_01,Fine_sediment,36.84498843,36.84498843,0
fall_chinook,6,mainstem_South_Fork_Stillaguamish_01,Floodplain,55.61686605,36.84498843,0.5094825217
fall_chinook,6,mainstem_South_Fork_Stillaguamish_01,LR,37.64166412,36.84498843,0.02162236223
fall_chinook,6,mainstem_South_Fork_Stillaguamish_01,Shade,50.19161605,36.84498843,0.362237259
fall_chinook,6,mainstem_South_Fork_Stillaguamish_01,Wood,37.471941,36.84498843,0.01701595224
fall_chinook,7,mainstem_South_Fork_Stillaguamish_02,Barriers,21.94283229,21.94283229,0
fall_chinook,7,mainstem_South_Fork_Stillaguamish_02,Beaver,21.94283229,21.94283229,0
fall_chinook,7,mainstem_South_Fork_Stillaguamish_02,Current,21.94283229,21.94283229,0
fall_chinook,7,mainstem_South_Fork_Stillaguamish_02,Fine_sediment,21.94283229,21.94283229,0
fall_chinook,7,mainstem_South_Fork_Stillaguamish_02,Floodplain,26.40979956,21.94283229,0.2035729579
fall_chinook,7,mainstem_South_Fork_Stillaguamish_02,LR,22.07972193,21.94283229,0.006238467223
fall_chinook,7,mainstem_South_Fork_Stillaguamish_02,Shade,21.99129881,21.94283229,0.002208763389
fall_chinook,7,mainstem_South_Fork_Stillaguamish_02,Wood,22.22505784,21.94283229,0.01286185616
fall_chinook,8,mainstem_South_Fork_Stillaguamish_03,Barriers,58.42358297,58.42358297,0
fall_chinook,8,mainstem_South_Fork_Stillaguamish_03,Beaver,58.50297033,58.42358297,0.001358823792
fall_chinook,8,mainstem_South_Fork_Stillaguamish_03,Current,58.42358297,58.42358297,0
fall_chinook,8,mainstem_South_Fork_Stillaguamish_03,Fine_sediment,58.44470899,58.42358297,0.0003616009144
fall_chinook,8,mainstem_South_Fork_Stillaguamish_03,Floodplain,77.67945376,58.42358297,0.3295907201
fall_chinook,8,mainstem_South_Fork_Stillaguamish_03,LR,58.42358297,58.42358297,0
fall_chinook,8,mainstem_South_Fork_Stillaguamish_03,Shade,65.300281,58.42358297,0.1177041475
fall_chinook,8,mainstem_South_Fork_Stillaguamish_03,Wood,63.01226025,58.42358297,0.07854152451
fall_chinook,9,mainstem_South_Fork_Stillaguamish_04,Barriers,73.33045745,73.33045745,0
fall_chinook,9,mainstem_South_Fork_Stillaguamish_04,Beaver,73.50883933,73.33045745,0.002432575654
fall_chinook,9,mainstem_South_Fork_Stillaguamish_04,Current,73.33045745,73.33045745,0
fall_chinook,9,mainstem_South_Fork_Stillaguamish_04,Fine_sediment,73.34354078,73.33045745,0.000178416126
fall_chinook,9,mainstem_South_Fork_Stillaguamish_04,Floodplain,79.8799772,73.33045745,0.08931513571
fall_chinook,9,mainstem_South_Fork_Stillaguamish_04,LR,79.46426101,73.33045745,0.08364605623
fall_chinook,9,mainstem_South_Fork_Stillaguamish_04,Shade,76.08587544,73.33045745,0.03757535537
fall_chinook,9,mainstem_South_Fork_Stillaguamish_04,Wood,76.25709777,73.33045745,0.03991029689
fall_chinook,10,mainstem_South_Fork_Stillaguamish_05,Barriers,131.0194005,131.0194005,0
fall_chinook,10,mainstem_South_Fork_Stillaguamish_05,Beaver,131.6867827,131.0194005,0.005093766074
fall_chinook,10,mainstem_South_Fork_Stillaguamish_05,Current,131.0194005,131.0194005,0
fall_chinook,10,mainstem_South_Fork_Stillaguamish_05,Fine_sediment,138.0640435,131.0194005,0.05376793778
fall_chinook,10,mainstem_South_Fork_Stillaguamish_05,Floodplain,139.3578146,131.0194005,0.06364259084
fall_chinook,10,mainstem_South_Fork_Stillaguamish_05,LR,148.2942305,131.0194005,0.131849405
fall_chinook,10,mainstem_South_Fork_Stillaguamish_05,Shade,133.8523604,131.0194005,0.02162244554
fall_chinook,10,mainstem_South_Fork_Stillaguamish_05,Wood,135.8109669,131.0194005,0.03657142638
fall_chinook,11,Squire_Creek,Barriers,51.18595331,51.18595331,0
fall_chinook,11,Squire_Creek,Beaver,53.12089845,51.18595331,0.03780226837
fall_chinook,11,Squire_Creek,Current,51.18595331,51.18595331,0
fall_chinook,11,Squire_Creek,Fine_sediment,65.37210914,51.18595331,0.2771493919
fall_chinook,11,Squire_Creek,Floodplain,53.74598732,51.18595331,0.05001438573
fall_chinook,11,Squire_Creek,LR,51.9211682,51.18595331,0.01436360663
fall_chinook,11,Squire_Creek,Shade,52.56186054,51.18595331,0.02688056279
fall_chinook,11,Squire_Creek,Wood,57.69116525,51.18595331,0.1270897878
fall_chinook,12,Pilchuck_Creek,Barriers,32.09407679,32.09407679,0
fall_chinook,12,Pilchuck_Creek,Beaver,32.23509346,32.09407679,0.004393853653
fall_chinook,12,Pilchuck_Creek,Current,32.09407679,32.09407679,0
fall_chinook,12,Pilchuck_Creek,Fine_sediment,34.82541834,32.09407679,0.08510422569
fall_chinook,12,Pilchuck_Creek,Floodplain,47.9723545,32.09407679,0.4947416877
fall_chinook,12,Pilchuck_Creek,LR,34.6226181,32.09407679,0.07878529507
fall_chinook,12,Pilchuck_Creek,Shade,47.97278412,32.09407679,0.4947550738
fall_chinook,12,Pilchuck_Creek,Wood,36.83692288,32.09407679,0.1477794836
fall_chinook,13,Jim_Creek,Barriers,127.6130634,127.6130634,0
fall_chinook,13,Jim_Creek,Beaver,127.6859371,127.6130634,0.0005710524885
fall_chinook,13,Jim_Creek,Current,127.6130634,127.6130634,0
fall_chinook,13,Jim_Creek,Fine_sediment,144.7967719,127.6130634,0.1346547768
fall_chinook,13,Jim_Creek,Floodplain,146.6661421,127.6130634,0.1493035132
fall_chinook,13,Jim_Creek,LR,135.1707827,127.6130634,0.05922371196
fall_chinook,13,Jim_Creek,Shade,142.7959905,127.6130634,0.1189762763
fall_chinook,13,Jim_Creek,Wood,144.7570863,127.6130634,0.1343437929
fall_chinook,14,Canyon_Creek,Barriers,52.59126766,52.59126766,0
fall_chinook,14,Canyon_Creek,Beaver,52.59126766,52.59126766,0
fall_chinook,14,Canyon_Creek,Current,52.59126766,52.59126766,0
fall_chinook,14,Canyon_Creek,Fine_sediment,52.59126766,52.59126766,0
fall_chinook,14,Canyon_Creek,Floodplain,64.71920316,52.59126766,0.2306074
fall_chinook,14,Canyon_Creek,LR,60.48053232,52.59126766,0.1500109241
fall_chinook,14,Canyon_Creek,Shade,57.86759346,52.59126766,0.1003270321
fall_chinook,14,Canyon_Creek,Wood,65.98821904,52.59126766,0.2547371831
fall_chinook,15,Deer_Creek,Barriers,78.5160868,78.5160868,0
fall_chinook,15,Deer_Creek,Beaver,78.67098815,78.5160868,0.001972861212
fall_chinook,15,Deer_Creek,Current,78.5160868,78.5160868,0
fall_chinook,15,Deer_Creek,Fine_sediment,78.5160868,78.5160868,0
fall_chinook,15,Deer_Creek,Floodplain,96.57301565,78.5160868,0.2299774426
fall_chinook,15,Deer_Creek,LR,81.80073306,78.5160868,0.04183405445
fall_chinook,15,Deer_Creek,Shade,89.24824356,78.5160868,0.1366873617
fall_chinook,15,Deer_Creek,Wood,86.19259412,78.5160868,0.09776986633
fall_chinook,16,Boulder_River,Barriers,33.44096774,33.44096774,0
fall_chinook,16,Boulder_River,Beaver,33.44096774,33.44096774,0
fall_chinook,16,Boulder_River,Current,33.44096774,33.44096774,0
fall_chinook,16,Boulder_River,Fine_sediment,33.44096774,33.44096774,0
fall_chinook,16,Boulder_River,Floodplain,34.48753895,33.44096774,0.03129608018
fall_chinook,16,Boulder_River,LR,34.22510828,33.44096774,0.0234485001
fall_chinook,16,Boulder_River,Shade,34.05594927,33.44096774,0.01839006375
fall_chinook,16,Boulder_River,Wood,36.76191984,33.44096774,0.09930789468
fall_chinook,17,Church_Creek,Barriers,0,0,NA
fall_chinook,17,Church_Creek,Beaver,0,0,NA
fall_chinook,17,Church_Creek,Current,0,0,NA
fall_chinook,17,Church_Creek,Fine_sediment,0,0,NA
fall_chinook,17,Church_Creek,Floodplain,0,0,NA
fall_chinook,17,Church_Creek,LR,0,0,NA
fall_chinook,17,Church_Creek,Shade,0,0,NA
fall_chinook,17,Church_Creek,Wood,0,0,NA
fall_chinook,18,Harvey_Armstrong_Creek,Barriers,0.4180255251,0,Inf
fall_chinook,18,Harvey_Armstrong_Creek,Beaver,0,0,NA
fall_chinook,18,Harvey_Armstrong_Creek,Current,0,0,NA
fall_chinook,18,Harvey_Armstrong_Creek,Fine_sediment,0,0,NA
fall_chinook,18,Harvey_Armstrong_Creek,Floodplain,0,0,NA
fall_chinook,18,Harvey_Armstrong_Creek,LR,0,0,NA
fall_chinook,18,Harvey_Armstrong_Creek,Shade,0,0,NA
fall_chinook,18,Harvey_Armstrong_Creek,Wood,0,0,NA
fall_chinook,19,Portage_Creek,Barriers,0,0,NA
fall_chinook,19,Portage_Creek,Beaver,0,0,NA
fall_chinook,19,Portage_Creek,Current,0,0,NA
fall_chinook,19,Portage_Creek,Fine_sediment,0,0,NA
fall_chinook,19,Portage_Creek,Floodplain,0,0,NA
fall_chinook,19,Portage_Creek,LR,0,0,NA
fall_chinook,19,Portage_Creek,Shade,0,0,NA
fall_chinook,19,Portage_Creek,Wood,0,0,NA
fall_chinook,20,Upland_Lower_Stillaguamish,Barriers,0,0,NA
fall_chinook,20,Upland_Lower_Stillaguamish,Beaver,0,0,NA
fall_chinook,20,Upland_Lower_Stillaguamish,Current,0,0,NA
fall_chinook,20,Upland_Lower_Stillaguamish,Fine_sediment,0,0,NA
fall_chinook,20,Upland_Lower_Stillaguamish,Floodplain,0,0,NA
fall_chinook,20,Upland_Lower_Stillaguamish,LR,0,0,NA
fall_chinook,20,Upland_Lower_Stillaguamish,Shade,0,0,NA
fall_chinook,20,Upland_Lower_Stillaguamish,Wood,0,0,NA
fall_chinook,21,Upland_Lower_North_Fk_Stillaguamish,Barriers,0.3039436096,0.3039436096,0
fall_chinook,21,Upland_Lower_North_Fk_Stillaguamish,Beaver,0.9186849147,0.3039436096,2.022550518
fall_chinook,21,Upland_Lower_North_Fk_Stillaguamish,Current,0.3039436096,0.3039436096,0
fall_chinook,21,Upland_Lower_North_Fk_Stillaguamish,Fine_sediment,0.3726140332,0.3039436096,0.2259314604
fall_chinook,21,Upland_Lower_North_Fk_Stillaguamish,Floodplain,0.3134419078,0.3039436096,0.03125019882
fall_chinook,21,Upland_Lower_North_Fk_Stillaguamish,LR,0.3039436096,0.3039436096,0
fall_chinook,21,Upland_Lower_North_Fk_Stillaguamish,Shade,0.3159500838,0.3039436096,0.03950230857
fall_chinook,21,Upland_Lower_North_Fk_Stillaguamish,Wood,0.4087614919,0.3039436096,0.3448596353
fall_chinook,22,Upland_Middle_North_Fk_Stillaguamish,Barriers,0.003513098911,0.003513098911,0
fall_chinook,22,Upland_Middle_North_Fk_Stillaguamish,Beaver,0.003513098911,0.003513098911,0
fall_chinook,22,Upland_Middle_North_Fk_Stillaguamish,Current,0.003513098911,0.003513098911,0
fall_chinook,22,Upland_Middle_North_Fk_Stillaguamish,Fine_sediment,0.003513098911,0.003513098911,0
fall_chinook,22,Upland_Middle_North_Fk_Stillaguamish,Floodplain,0.04139240706,0.003513098911,10.7823062
fall_chinook,22,Upland_Middle_North_Fk_Stillaguamish,LR,0.003513098911,0.003513098911,0
fall_chinook,22,Upland_Middle_North_Fk_Stillaguamish,Shade,0.256975559,0.003513098911,72.14782917
fall_chinook,22,Upland_Middle_North_Fk_Stillaguamish,Wood,0.005755727948,0.003513098911,0.6383620542
fall_chinook,23,Upland_French-Segelsen,Barriers,1.557344434,1.557344434,0
fall_chinook,23,Upland_French-Segelsen,Beaver,2.087689666,1.557344434,0.3405445962
fall_chinook,23,Upland_French-Segelsen,Current,1.557344434,1.557344434,0
fall_chinook,23,Upland_French-Segelsen,Fine_sediment,1.557344434,1.557344434,0
fall_chinook,23,Upland_French-Segelsen,Floodplain,1.564267334,1.557344434,0.004445323327
fall_chinook,23,Upland_French-Segelsen,LR,1.557344434,1.557344434,0
fall_chinook,23,Upland_French-Segelsen,Shade,1.584040951,1.557344434,0.01714233318
fall_chinook,23,Upland_French-Segelsen,Wood,1.996187772,1.557344434,0.2817895182
fall_chinook,24,Upland_Upper_North_Fk_Stillaguamish,Barriers,0,0,NA
fall_chinook,24,Upland_Upper_North_Fk_Stillaguamish,Beaver,0,0,NA
fall_chinook,24,Upland_Upper_North_Fk_Stillaguamish,Current,0,0,NA
fall_chinook,24,Upland_Upper_North_Fk_Stillaguamish,Fine_sediment,0,0,NA
fall_chinook,24,Upland_Upper_North_Fk_Stillaguamish,Floodplain,0,0,NA
fall_chinook,24,Upland_Upper_North_Fk_Stillaguamish,LR,0,0,NA
fall_chinook,24,Upland_Upper_North_Fk_Stillaguamish,Shade,0,0,NA
fall_chinook,24,Upland_Upper_North_Fk_Stillaguamish,Wood,0,0,NA
fall_chinook,25,Upland_Squire_Creek,Barriers,0,0,NA
fall_chinook,25,Upland_Squire_Creek,Beaver,0,0,NA
fall_chinook,25,Upland_Squire_Creek,Current,0,0,NA
fall_chinook,25,Upland_Squire_Creek,Fine_sediment,0,0,NA
fall_chinook,25,Upland_Squire_Creek,Floodplain,0,0,NA
fall_chinook,25,Upland_Squire_Creek,LR,0,0,NA
fall_chinook,25,Upland_Squire_Creek,Shade,0,0,NA
fall_chinook,25,Upland_Squire_Creek,Wood,0,0,NA
fall_chinook,26,Upland_Lower_South_Fk_Stillaguamish,Barriers,0,0,NA
fall_chinook,26,Upland_Lower_South_Fk_Stillaguamish,Beaver,0,0,NA
fall_chinook,26,Upland_Lower_South_Fk_Stillaguamish,Current,0,0,NA
fall_chinook,26,Upland_Lower_South_Fk_Stillaguamish,Fine_sediment,0,0,NA
fall_chinook,26,Upland_Lower_South_Fk_Stillaguamish,Floodplain,0,0,NA
fall_chinook,26,Upland_Lower_South_Fk_Stillaguamish,LR,0,0,NA
fall_chinook,26,Upland_Lower_South_Fk_Stillaguamish,Shade,0,0,NA
fall_chinook,26,Upland_Lower_South_Fk_Stillaguamish,Wood,0,0,NA
fall_chinook,27,Upland_Stillaguamish_Canyon,Barriers,0,0,NA
fall_chinook,27,Upland_Stillaguamish_Canyon,Beaver,0,0,NA
fall_chinook,27,Upland_Stillaguamish_Canyon,Current,0,0,NA
fall_chinook,27,Upland_Stillaguamish_Canyon,Fine_sediment,0,0,NA
fall_chinook,27,Upland_Stillaguamish_Canyon,Floodplain,0,0,NA
fall_chinook,27,Upland_Stillaguamish_Canyon,LR,0,0,NA
fall_chinook,27,Upland_Stillaguamish_Canyon,Shade,0,0,NA
fall_chinook,27,Upland_Stillaguamish_Canyon,Wood,0,0,NA
fall_chinook,28,Upland_Robe_Valley,Barriers,0,0,NA
fall_chinook,28,Upland_Robe_Valley,Beaver,0,0,NA
fall_chinook,28,Upland_Robe_Valley,Current,0,0,NA
fall_chinook,28,Upland_Robe_Valley,Fine_sediment,0,0,NA
fall_chinook,28,Upland_Robe_Valley,Floodplain,0,0,NA
fall_chinook,28,Upland_Robe_Valley,LR,0,0,NA
fall_chinook,28,Upland_Robe_Valley,Shade,0,0,NA
fall_chinook,28,Upland_Robe_Valley,Wood,0,0,NA
fall_chinook,29,Upland_Gold_Basin,Barriers,0.02934043969,0.02934043969,0
fall_chinook,29,Upland_Gold_Basin,Beaver,0.2078868498,0.02934043969,6.085335187
fall_chinook,29,Upland_Gold_Basin,Current,0.02934043969,0.02934043969,0
fall_chinook,29,Upland_Gold_Basin,Fine_sediment,0.02960361409,0.02934043969,0.008969681673
fall_chinook,29,Upland_Gold_Basin,Floodplain,0.0306367617,0.02934043969,0.044182092
fall_chinook,29,Upland_Gold_Basin,LR,0.02934043969,0.02934043969,0
fall_chinook,29,Upland_Gold_Basin,Shade,0.03673643813,0.02934043969,0.2520752421
fall_chinook,29,Upland_Gold_Basin,Wood,0.0325439788,0.02934043969,0.109185109
fall_chinook,30,Upland_Upper_South_Fk_Stillaguamish,Barriers,0,0,NA
fall_chinook,30,Upland_Upper_South_Fk_Stillaguamish,Beaver,0,0,NA
fall_chinook,30,Upland_Upper_South_Fk_Stillaguamish,Current,0,0,NA
fall_chinook,30,Upland_Upper_South_Fk_Stillaguamish,Fine_sediment,0,0,NA
fall_chinook,30,Upland_Upper_South_Fk_Stillaguamish,Floodplain,0,0,NA
fall_chinook,30,Upland_Upper_South_Fk_Stillaguamish,LR,0,0,NA
fall_chinook,30,Upland_Upper_South_Fk_Stillaguamish,Shade,0,0,NA
fall_chinook,30,Upland_Upper_South_Fk_Stillaguamish,Wood,0,0,NA
fall_chinook,31,Stillaguamish_Delta,Barriers,0,0,NA
fall_chinook,31,Stillaguamish_Delta,Beaver,0,0,NA
fall_chinook,31,Stillaguamish_Delta,Current,0,0,NA
fall_chinook,31,Stillaguamish_Delta,Fine_sediment,0,0,NA
fall_chinook,31,Stillaguamish_Delta,Floodplain,0,0,NA
fall_chinook,31,Stillaguamish_Delta,LR,0,0,NA
fall_chinook,31,Stillaguamish_Delta,Shade,0,0,NA
fall_chinook,31,Stillaguamish_Delta,Wood,0,0,NA
fall_chinook,32,Upland_Boulder_River,Barriers,0,0,NA
fall_chinook,32,Upland_Boulder_River,Beaver,0,0,NA
fall_chinook,32,Upland_Boulder_River,Current,0,0,NA
fall_chinook,32,Upland_Boulder_River,Fine_sediment,0,0,NA
fall_chinook,32,Upland_Boulder_River,Floodplain,0,0,NA
fall_chinook,32,Upland_Boulder_River,LR,0,0,NA
fall_chinook,32,Upland_Boulder_River,Shade,0,0,NA
fall_chinook,32,Upland_Boulder_River,Wood,0,0,NA
fall_chinook,33,Upland_Pilchuck_Creek,Barriers,0,0,NA
fall_chinook,33,Upland_Pilchuck_Creek,Beaver,0,0,NA
fall_chinook,33,Upland_Pilchuck_Creek,Current,0,0,NA
fall_chinook,33,Upland_Pilchuck_Creek,Fine_sediment,0,0,NA
fall_chinook,33,Upland_Pilchuck_Creek,Floodplain,0,0,NA
fall_chinook,33,Upland_Pilchuck_Creek,LR,0,0,NA
fall_chinook,33,Upland_Pilchuck_Creek,Shade,0,0,NA
fall_chinook,33,Upland_Pilchuck_Creek,Wood,0,0,NA
fall_chinook,34,Upper_Upland_Upper_North_Fk_Stillaguamish,Barriers,0,0,NA
fall_chinook,34,Upper_Upland_Upper_North_Fk_Stillaguamish,Beaver,0,0,NA
fall_chinook,34,Upper_Upland_Upper_North_Fk_Stillaguamish,Current,0,0,NA
fall_chinook,34,Upper_Upland_Upper_North_Fk_Stillaguamish,Fine_sediment,0,0,NA
fall_chinook,34,Upper_Upland_Upper_North_Fk_Stillaguamish,Floodplain,0,0,NA
fall_chinook,34,Upper_Upland_Upper_North_Fk_Stillaguamish,LR,0,0,NA
fall_chinook,34,Upper_Upland_Upper_North_Fk_Stillaguamish,Shade,0,0,NA
fall_chinook,34,Upper_Upland_Upper_North_Fk_Stillaguamish,Wood,0,0,NA
steelhead,1,mainstem_Stillaguamish,Barriers,2.37E-273,2.32E-273,0.01940710479
steelhead,1,mainstem_Stillaguamish,Beaver,1.11E-270,2.32E-273,477.1320475
steelhead,1,mainstem_Stillaguamish,Current,2.32E-273,2.32E-273,0
steelhead,1,mainstem_Stillaguamish,Fine_sediment,7.07E-170,2.32E-273,3.05E+103
steelhead,1,mainstem_Stillaguamish,Floodplain,167.8707576,2.32E-273,7.23E+274
steelhead,1,mainstem_Stillaguamish,LR,2.38E-273,2.32E-273,0.02384656416
steelhead,1,mainstem_Stillaguamish,Shade,3.21E-37,2.32E-273,1.39E+236
steelhead,1,mainstem_Stillaguamish,Wood,2.65E-252,2.32E-273,1.14E+21
steelhead,2,mainstem_North_Fork_Stillaguamish_01,Barriers,119.8968372,119.6079985,0.002414877954
steelhead,2,mainstem_North_Fork_Stillaguamish_01,Beaver,119.7411911,119.6079985,0.001113576096
steelhead,2,mainstem_North_Fork_Stillaguamish_01,Current,119.6079985,119.6079985,0
steelhead,2,mainstem_North_Fork_Stillaguamish_01,Fine_sediment,119.8628063,119.6079985,0.002130357137
steelhead,2,mainstem_North_Fork_Stillaguamish_01,Floodplain,144.5042041,119.6079985,0.2081483336
steelhead,2,mainstem_North_Fork_Stillaguamish_01,LR,121.6922144,119.6079985,0.0174253887
steelhead,2,mainstem_North_Fork_Stillaguamish_01,Shade,128.1191842,119.6079985,0.07115900096
steelhead,2,mainstem_North_Fork_Stillaguamish_01,Wood,168.9321524,119.6079985,0.4123817342
steelhead,3,mainstem_North_Fork_Stillaguamish_02,Barriers,74.62571178,74.62571178,0
steelhead,3,mainstem_North_Fork_Stillaguamish_02,Beaver,74.48986884,74.62571178,-0.001820323559
steelhead,3,mainstem_North_Fork_Stillaguamish_02,Current,74.62571178,74.62571178,0
steelhead,3,mainstem_North_Fork_Stillaguamish_02,Fine_sediment,74.64546891,74.62571178,0.0002647495658
steelhead,3,mainstem_North_Fork_Stillaguamish_02,Floodplain,78.67866497,74.62571178,0.05431041243
steelhead,3,mainstem_North_Fork_Stillaguamish_02,LR,75.65739479,74.62571178,0.01382476611
steelhead,3,mainstem_North_Fork_Stillaguamish_02,Shade,75.15955075,74.62571178,0.0071535527
steelhead,3,mainstem_North_Fork_Stillaguamish_02,Wood,105.8732996,74.62571178,0.4187241511
steelhead,4,mainstem_North_Fork_Stillaguamish_03,Barriers,66.87337989,66.87337989,0
steelhead,4,mainstem_North_Fork_Stillaguamish_03,Beaver,66.81145628,66.87337989,-0.0009259830167
steelhead,4,mainstem_North_Fork_Stillaguamish_03,Current,66.87337989,66.87337989,0
steelhead,4,mainstem_North_Fork_Stillaguamish_03,Fine_sediment,66.87337989,66.87337989,0
steelhead,4,mainstem_North_Fork_Stillaguamish_03,Floodplain,69.60647392,66.87337989,0.0408696858
steelhead,4,mainstem_North_Fork_Stillaguamish_03,LR,67.60796165,66.87337989,0.01098466617
steelhead,4,mainstem_North_Fork_Stillaguamish_03,Shade,66.2137732,66.87337989,-0.009863516659
steelhead,4,mainstem_North_Fork_Stillaguamish_03,Wood,91.96422956,66.87337989,0.3751993649
steelhead,5,mainstem_North_Fork_Stillaguamish_04,Barriers,28.44439301,28.44439301,0
steelhead,5,mainstem_North_Fork_Stillaguamish_04,Beaver,28.46853193,28.44439301,0.0008486351633
steelhead,5,mainstem_North_Fork_Stillaguamish_04,Current,28.44439301,28.44439301,0
steelhead,5,mainstem_North_Fork_Stillaguamish_04,Fine_sediment,28.44439301,28.44439301,0
steelhead,5,mainstem_North_Fork_Stillaguamish_04,Floodplain,33.52996852,28.44439301,0.1787900872
steelhead,5,mainstem_North_Fork_Stillaguamish_04,LR,28.46886313,28.44439301,0.0008602791188
steelhead,5,mainstem_North_Fork_Stillaguamish_04,Shade,28.63558364,28.44439301,0.006721557537
steelhead,5,mainstem_North_Fork_Stillaguamish_04,Wood,37.59239973,28.44439301,0.3216101924
steelhead,6,mainstem_South_Fork_Stillaguamish_01,Barriers,15.82533405,15.82533405,0
steelhead,6,mainstem_South_Fork_Stillaguamish_01,Beaver,15.84085315,15.82533405,0.0009806489195
steelhead,6,mainstem_South_Fork_Stillaguamish_01,Current,15.82533405,15.82533405,0
steelhead,6,mainstem_South_Fork_Stillaguamish_01,Fine_sediment,15.82533405,15.82533405,0
steelhead,6,mainstem_South_Fork_Stillaguamish_01,Floodplain,81.71972529,15.82533405,4.163854678
steelhead,6,mainstem_South_Fork_Stillaguamish_01,LR,18.73418436,15.82533405,0.1838097253
steelhead,6,mainstem_South_Fork_Stillaguamish_01,Shade,68.62713412,15.82533405,3.336536207
steelhead,6,mainstem_South_Fork_Stillaguamish_01,Wood,41.52276152,15.82533405,1.623815799
steelhead,7,mainstem_South_Fork_Stillaguamish_02,Barriers,60.88209877,60.88209877,0
steelhead,7,mainstem_South_Fork_Stillaguamish_02,Beaver,60.88405869,60.88209877,3.22E-05
steelhead,7,mainstem_South_Fork_Stillaguamish_02,Current,60.88209877,60.88209877,0
steelhead,7,mainstem_South_Fork_Stillaguamish_02,Fine_sediment,60.88209877,60.88209877,0
steelhead,7,mainstem_South_Fork_Stillaguamish_02,Floodplain,60.89916411,60.88209877,0.0002803014465
steelhead,7,mainstem_South_Fork_Stillaguamish_02,LR,60.90403039,60.88209877,0.0003602310576
steelhead,7,mainstem_South_Fork_Stillaguamish_02,Shade,60.90360505,60.88209877,0.0003532447077
steelhead,7,mainstem_South_Fork_Stillaguamish_02,Wood,61.77343163,60.88209877,0.01464031101
steelhead,8,mainstem_South_Fork_Stillaguamish_03,Barriers,59.06614699,59.02210162,0.0007462520715
steelhead,8,mainstem_South_Fork_Stillaguamish_03,Beaver,58.99324143,59.02210162,-0.0004889726189
steelhead,8,mainstem_South_Fork_Stillaguamish_03,Current,59.02210162,59.02210162,0
steelhead,8,mainstem_South_Fork_Stillaguamish_03,Fine_sediment,59.02210162,59.02210162,0
steelhead,8,mainstem_South_Fork_Stillaguamish_03,Floodplain,60.4984506,59.02210162,0.02501349388
steelhead,8,mainstem_South_Fork_Stillaguamish_03,LR,59.02210162,59.02210162,0
steelhead,8,mainstem_South_Fork_Stillaguamish_03,Shade,59.06438356,59.02210162,0.0007163747628
steelhead,8,mainstem_South_Fork_Stillaguamish_03,Wood,76.98361344,59.02210162,0.3043184049
steelhead,9,mainstem_South_Fork_Stillaguamish_04,Barriers,44.45472134,44.45472134,0
steelhead,9,mainstem_South_Fork_Stillaguamish_04,Beaver,44.40931487,44.45472134,-0.001021409399
steelhead,9,mainstem_South_Fork_Stillaguamish_04,Current,44.45472134,44.45472134,0
steelhead,9,mainstem_South_Fork_Stillaguamish_04,Fine_sediment,44.45472134,44.45472134,0
steelhead,9,mainstem_South_Fork_Stillaguamish_04,Floodplain,45.66798508,44.45472134,0.02729212321
steelhead,9,mainstem_South_Fork_Stillaguamish_04,LR,44.88246009,44.45472134,0.009621897006
steelhead,9,mainstem_South_Fork_Stillaguamish_04,Shade,44.61059683,44.45472134,0.003506387594
steelhead,9,mainstem_South_Fork_Stillaguamish_04,Wood,57.55354951,44.45472134,0.2946555004
steelhead,10,mainstem_South_Fork_Stillaguamish_05,Barriers,73.55008558,73.55008558,0
steelhead,10,mainstem_South_Fork_Stillaguamish_05,Beaver,73.60841995,73.55008558,0.0007931244916
steelhead,10,mainstem_South_Fork_Stillaguamish_05,Current,73.55008558,73.55008558,0
steelhead,10,mainstem_South_Fork_Stillaguamish_05,Fine_sediment,73.5663456,73.55008558,0.0002210741632
steelhead,10,mainstem_South_Fork_Stillaguamish_05,Floodplain,74.81193085,73.55008558,0.01715627192
steelhead,10,mainstem_South_Fork_Stillaguamish_05,LR,74.69717913,73.55008558,0.01559608725
steelhead,10,mainstem_South_Fork_Stillaguamish_05,Shade,74.35530906,73.55008558,0.01094796113
steelhead,10,mainstem_South_Fork_Stillaguamish_05,Wood,96.64597674,73.55008558,0.3140158298
steelhead,11,Squire_Creek,Barriers,30.5983818,30.5983818,0
steelhead,11,Squire_Creek,Beaver,30.30405791,30.5983818,-0.009618936417
steelhead,11,Squire_Creek,Current,30.5983818,30.5983818,0
steelhead,11,Squire_Creek,Fine_sediment,30.5983818,30.5983818,0
steelhead,11,Squire_Creek,Floodplain,32.48579957,30.5983818,0.06168358153
steelhead,11,Squire_Creek,LR,30.70122897,30.5983818,0.003361196485
steelhead,11,Squire_Creek,Shade,30.70787018,30.5983818,0.003578241148
steelhead,11,Squire_Creek,Wood,42.11068873,30.5983818,0.3762390773
steelhead,12,Pilchuck_Creek,Barriers,54.41508471,54.37063049,0.0008176145574
steelhead,12,Pilchuck_Creek,Beaver,54.51222982,54.37063049,0.002604334808
steelhead,12,Pilchuck_Creek,Current,54.37063049,54.37063049,0
steelhead,12,Pilchuck_Creek,Fine_sediment,54.37063049,54.37063049,0
steelhead,12,Pilchuck_Creek,Floodplain,60.29576124,54.37063049,0.108976679
steelhead,12,Pilchuck_Creek,LR,54.83296857,54.37063049,0.008503452496
steelhead,12,Pilchuck_Creek,Shade,58.90855476,54.37063049,0.08346278543
steelhead,12,Pilchuck_Creek,Wood,71.69362217,54.37063049,0.3186093581
steelhead,13,Jim_Creek,Barriers,69.10474765,69.05379361,0.0007378891391
steelhead,13,Jim_Creek,Beaver,69.06838388,69.05379361,0.0002112885029
steelhead,13,Jim_Creek,Current,69.05379361,69.05379361,0
steelhead,13,Jim_Creek,Fine_sediment,69.05379361,69.05379361,0
steelhead,13,Jim_Creek,Floodplain,69.59997399,69.05379361,0.007909491352
steelhead,13,Jim_Creek,LR,69.76054842,69.05379361,0.0102348441
steelhead,13,Jim_Creek,Shade,69.30794461,69.05379361,0.00368047855
steelhead,13,Jim_Creek,Wood,92.02763675,69.05379361,0.3326948737
steelhead,14,Canyon_Creek,Barriers,100.6003198,100.6003198,0
steelhead,14,Canyon_Creek,Beaver,100.3549195,100.6003198,-0.002439358562
steelhead,14,Canyon_Creek,Current,100.6003198,100.6003198,0
steelhead,14,Canyon_Creek,Fine_sediment,100.7734892,100.6003198,0.001721360992
steelhead,14,Canyon_Creek,Floodplain,101.4117637,100.6003198,0.008066017384
steelhead,14,Canyon_Creek,LR,101.4367754,100.6003198,0.008314642291
steelhead,14,Canyon_Creek,Shade,102.1454473,100.6003198,0.01535907142
steelhead,14,Canyon_Creek,Wood,120.4090953,100.6003198,0.1969056916
steelhead,15,Deer_Creek,Barriers,135.2929121,135.1974091,0.0007063961405
steelhead,15,Deer_Creek,Beaver,135.2670313,135.1974091,0.0005149669406
steelhead,15,Deer_Creek,Current,135.1974091,135.1974091,0
steelhead,15,Deer_Creek,Fine_sediment,135.1974091,135.1974091,0
steelhead,15,Deer_Creek,Floodplain,138.9728087,135.1974091,0.02792508849
steelhead,15,Deer_Creek,LR,135.4904454,135.1974091,0.002167469273
steelhead,15,Deer_Creek,Shade,136.647226,135.1974091,0.01072370314
steelhead,15,Deer_Creek,Wood,171.9045798,135.1974091,0.2715079448
steelhead,16,Boulder_River,Barriers,20.34563723,20.34563723,0
steelhead,16,Boulder_River,Beaver,20.34563723,20.34563723,0
steelhead,16,Boulder_River,Current,20.34563723,20.34563723,0
steelhead,16,Boulder_River,Fine_sediment,20.34563723,20.34563723,0
steelhead,16,Boulder_River,Floodplain,20.16979248,20.34563723,-0.00864287237
steelhead,16,Boulder_River,LR,20.43785516,20.34563723,0.004532565187
steelhead,16,Boulder_River,Shade,20.34563723,20.34563723,0
steelhead,16,Boulder_River,Wood,26.39995924,20.34563723,0.2975734768
steelhead,17,Church_Creek,Barriers,0.3248115794,0.00E-02,Inf
steelhead,17,Church_Creek,Beaver,0.00E-02,0.00E-02,-0.09512030736
steelhead,17,Church_Creek,Current,0.00E-02,0.00E-02,0
steelhead,17,Church_Creek,Fine_sediment,1.04E-287,0.00E-02,7.13E+23
steelhead,17,Church_Creek,Floodplain,0.00E-02,0.00E-02,0.002383798612
steelhead,17,Church_Creek,LR,0.00E-02,0.00E-02,0
steelhead,17,Church_Creek,Shade,0.00E-02,0.00E-02,0.02481857219
steelhead,17,Church_Creek,Wood,6.21E-305,0.00E-02,4271102.548
steelhead,18,Harvey_Armstrong_Creek,Barriers,2.59E-147,1.61E-284,1.61E+137
steelhead,18,Harvey_Armstrong_Creek,Beaver,1.58E-284,1.61E-284,-0.0202162847
steelhead,18,Harvey_Armstrong_Creek,Current,1.61E-284,1.61E-284,0
steelhead,18,Harvey_Armstrong_Creek,Fine_sediment,2.434852361,1.61E-284,1.51E+284
steelhead,18,Harvey_Armstrong_Creek,Floodplain,2.83E-283,1.61E-284,16.60362269
steelhead,18,Harvey_Armstrong_Creek,LR,1.61E-284,1.61E-284,0
steelhead,18,Harvey_Armstrong_Creek,Shade,3.05E-283,1.61E-284,17.95066243
steelhead,18,Harvey_Armstrong_Creek,Wood,1.12E-235,1.61E-284,6.99E+48
steelhead,19,Portage_Creek,Barriers,2.043235685,2.60E-302,7.87E+301
steelhead,19,Portage_Creek,Beaver,2.15E-302,2.60E-302,-0.1731770985
steelhead,19,Portage_Creek,Current,2.60E-302,2.60E-302,0
steelhead,19,Portage_Creek,Fine_sediment,1.99E-282,2.60E-302,7.65E+19
steelhead,19,Portage_Creek,Floodplain,2.69E-302,2.60E-302,0.03469228278
steelhead,19,Portage_Creek,LR,2.60E-302,2.60E-302,0
steelhead,19,Portage_Creek,Shade,2.82E-302,2.60E-302,0.08497938438
steelhead,19,Portage_Creek,Wood,1.81E-290,2.60E-302,698783217216
steelhead,20,Upland_Lower_Stillaguamish,Barriers,0,0,NA
steelhead,20,Upland_Lower_Stillaguamish,Beaver,0,0,NA
steelhead,20,Upland_Lower_Stillaguamish,Current,0,0,NA
steelhead,20,Upland_Lower_Stillaguamish,Fine_sediment,0,0,NA
steelhead,20,Upland_Lower_Stillaguamish,Floodplain,0,0,NA
steelhead,20,Upland_Lower_Stillaguamish,LR,0,0,NA
steelhead,20,Upland_Lower_Stillaguamish,Shade,0,0,NA
steelhead,20,Upland_Lower_Stillaguamish,Wood,0,0,NA
steelhead,21,Upland_Lower_North_Fk_Stillaguamish,Barriers,8.383921594,8.383921594,0
steelhead,21,Upland_Lower_North_Fk_Stillaguamish,Beaver,8.517449773,8.383921594,0.01592669703
steelhead,21,Upland_Lower_North_Fk_Stillaguamish,Current,8.383921594,8.383921594,0
steelhead,21,Upland_Lower_North_Fk_Stillaguamish,Fine_sediment,8.383921594,8.383921594,0
steelhead,21,Upland_Lower_North_Fk_Stillaguamish,Floodplain,8.431691242,8.383921594,0.005697768989
steelhead,21,Upland_Lower_North_Fk_Stillaguamish,LR,8.383921594,8.383921594,0
steelhead,21,Upland_Lower_North_Fk_Stillaguamish,Shade,8.537176875,8.383921594,0.01827966535
steelhead,21,Upland_Lower_North_Fk_Stillaguamish,Wood,13.10358846,8.383921594,0.5629426293
steelhead,22,Upland_Middle_North_Fk_Stillaguamish,Barriers,12.29764024,12.29764024,0
steelhead,22,Upland_Middle_North_Fk_Stillaguamish,Beaver,12.32690022,12.29764024,0.002379317153
steelhead,22,Upland_Middle_North_Fk_Stillaguamish,Current,12.29764024,12.29764024,0
steelhead,22,Upland_Middle_North_Fk_Stillaguamish,Fine_sediment,12.29764024,12.29764024,0
steelhead,22,Upland_Middle_North_Fk_Stillaguamish,Floodplain,12.31767539,12.29764024,0.001629186782
steelhead,22,Upland_Middle_North_Fk_Stillaguamish,LR,12.29764024,12.29764024,0
steelhead,22,Upland_Middle_North_Fk_Stillaguamish,Shade,13.03511042,12.29764024,0.05996843055
steelhead,22,Upland_Middle_North_Fk_Stillaguamish,Wood,18.58271376,12.29764024,0.5110796384
steelhead,23,Upland_French-Segelsen,Barriers,19.62077132,19.62077132,0
steelhead,23,Upland_French-Segelsen,Beaver,19.68308719,19.62077132,0.003176015406
steelhead,23,Upland_French-Segelsen,Current,19.62077132,19.62077132,0
steelhead,23,Upland_French-Segelsen,Fine_sediment,19.62077132,19.62077132,0
steelhead,23,Upland_French-Segelsen,Floodplain,19.72239224,19.62077132,0.00517925203
steelhead,23,Upland_French-Segelsen,LR,19.62077132,19.62077132,0
steelhead,23,Upland_French-Segelsen,Shade,19.74479622,19.62077132,0.006321102175
steelhead,23,Upland_French-Segelsen,Wood,28.75754985,19.62077132,0.4656686724
steelhead,24,Upland_Upper_North_Fk_Stillaguamish,Barriers,0,0,NA
steelhead,24,Upland_Upper_North_Fk_Stillaguamish,Beaver,0,0,NA
steelhead,24,Upland_Upper_North_Fk_Stillaguamish,Current,0,0,NA
steelhead,24,Upland_Upper_North_Fk_Stillaguamish,Fine_sediment,0,0,NA
steelhead,24,Upland_Upper_North_Fk_Stillaguamish,Floodplain,0,0,NA
steelhead,24,Upland_Upper_North_Fk_Stillaguamish,LR,0,0,NA
steelhead,24,Upland_Upper_North_Fk_Stillaguamish,Shade,0,0,NA
steelhead,24,Upland_Upper_North_Fk_Stillaguamish,Wood,0,0,NA
steelhead,25,Upland_Squire_Creek,Barriers,15.6482856,15.6482856,0
steelhead,25,Upland_Squire_Creek,Beaver,15.44864049,15.6482856,-0.01275827367
steelhead,25,Upland_Squire_Creek,Current,15.6482856,15.6482856,0
steelhead,25,Upland_Squire_Creek,Fine_sediment,15.6482856,15.6482856,0
steelhead,25,Upland_Squire_Creek,Floodplain,15.64828587,15.6482856,1.78E-08
steelhead,25,Upland_Squire_Creek,LR,15.6482856,15.6482856,0
steelhead,25,Upland_Squire_Creek,Shade,15.65649538,15.6482856,0.0005246440793
steelhead,25,Upland_Squire_Creek,Wood,21.91488211,15.6482856,0.400465372
steelhead,26,Upland_Lower_South_Fk_Stillaguamish,Barriers,0.5644324767,2.74E-252,2.06E+251
steelhead,26,Upland_Lower_South_Fk_Stillaguamish,Beaver,5.59E-251,2.74E-252,19.42943439
steelhead,26,Upland_Lower_South_Fk_Stillaguamish,Current,2.74E-252,2.74E-252,0
steelhead,26,Upland_Lower_South_Fk_Stillaguamish,Fine_sediment,1.010993554,2.74E-252,3.70E+251
steelhead,26,Upland_Lower_South_Fk_Stillaguamish,Floodplain,1.17E-249,2.74E-252,425.8446906
steelhead,26,Upland_Lower_South_Fk_Stillaguamish,LR,2.74E-252,2.74E-252,0
steelhead,26,Upland_Lower_South_Fk_Stillaguamish,Shade,5.58E-251,2.74E-252,19.40521333
steelhead,26,Upland_Lower_South_Fk_Stillaguamish,Wood,0.1579994349,2.74E-252,5.78E+250
steelhead,27,Upland_Stillaguamish_Canyon,Barriers,0,0,NA
steelhead,27,Upland_Stillaguamish_Canyon,Beaver,0,0,NA
steelhead,27,Upland_Stillaguamish_Canyon,Current,0,0,NA
steelhead,27,Upland_Stillaguamish_Canyon,Fine_sediment,0,0,NA
steelhead,27,Upland_Stillaguamish_Canyon,Floodplain,0,0,NA
steelhead,27,Upland_Stillaguamish_Canyon,LR,0,0,NA
steelhead,27,Upland_Stillaguamish_Canyon,Shade,0,0,NA
steelhead,27,Upland_Stillaguamish_Canyon,Wood,0,0,NA
steelhead,28,Upland_Robe_Valley,Barriers,16.65476975,16.65476975,0
steelhead,28,Upland_Robe_Valley,Beaver,16.75606571,16.65476975,0.00608209875
steelhead,28,Upland_Robe_Valley,Current,16.65476975,16.65476975,0
steelhead,28,Upland_Robe_Valley,Fine_sediment,16.65476975,16.65476975,0
steelhead,28,Upland_Robe_Valley,Floodplain,16.67665201,16.65476975,0.001313873279
steelhead,28,Upland_Robe_Valley,LR,16.65476975,16.65476975,0
steelhead,28,Upland_Robe_Valley,Shade,16.69318491,16.65476975,0.002306555601
steelhead,28,Upland_Robe_Valley,Wood,25.34538227,16.65476975,0.5218092258
steelhead,29,Upland_Gold_Basin,Barriers,10.55866202,10.55866202,0
steelhead,29,Upland_Gold_Basin,Beaver,10.51518394,10.55866202,-0.004117763578
steelhead,29,Upland_Gold_Basin,Current,10.55866202,10.55866202,0
steelhead,29,Upland_Gold_Basin,Fine_sediment,10.55866202,10.55866202,0
steelhead,29,Upland_Gold_Basin,Floodplain,10.56032314,10.55866202,0.0001573228176
steelhead,29,Upland_Gold_Basin,LR,10.55866202,10.55866202,0
steelhead,29,Upland_Gold_Basin,Shade,10.56079935,10.55866202,0.0002024246225
steelhead,29,Upland_Gold_Basin,Wood,14.98763261,10.55866202,0.419463241
steelhead,30,Upland_Upper_South_Fk_Stillaguamish,Barriers,31.67945059,31.19712189,0.01546067947
steelhead,30,Upland_Upper_South_Fk_Stillaguamish,Beaver,31.10384136,31.19712189,-0.002990036367
steelhead,30,Upland_Upper_South_Fk_Stillaguamish,Current,31.19712189,31.19712189,0
steelhead,30,Upland_Upper_South_Fk_Stillaguamish,Fine_sediment,31.58952302,31.19712189,0.01257811972
steelhead,30,Upland_Upper_South_Fk_Stillaguamish,Floodplain,31.19712189,31.19712189,0
steelhead,30,Upland_Upper_South_Fk_Stillaguamish,LR,31.26770438,31.19712189,0.002262468081
steelhead,30,Upland_Upper_South_Fk_Stillaguamish,Shade,31.19712189,31.19712189,0
steelhead,30,Upland_Upper_South_Fk_Stillaguamish,Wood,42.08227975,31.19712189,0.3489154513
steelhead,31,Stillaguamish_Delta,Barriers,0,0,NA
steelhead,31,Stillaguamish_Delta,Beaver,0,0,NA
steelhead,31,Stillaguamish_Delta,Current,0,0,NA
steelhead,31,Stillaguamish_Delta,Fine_sediment,0,0,NA
steelhead,31,Stillaguamish_Delta,Floodplain,0,0,NA
steelhead,31,Stillaguamish_Delta,LR,0,0,NA
steelhead,31,Stillaguamish_Delta,Shade,0,0,NA
steelhead,31,Stillaguamish_Delta,Wood,0,0,NA
steelhead,32,Upland_Boulder_River,Barriers,0,0,NA
steelhead,32,Upland_Boulder_River,Beaver,0,0,NA
steelhead,32,Upland_Boulder_River,Current,0,0,NA
steelhead,32,Upland_Boulder_River,Fine_sediment,0,0,NA
steelhead,32,Upland_Boulder_River,Floodplain,0,0,NA
steelhead,32,Upland_Boulder_River,LR,0,0,NA
steelhead,32,Upland_Boulder_River,Shade,0,0,NA
steelhead,32,Upland_Boulder_River,Wood,0,0,NA
steelhead,33,Upland_Pilchuck_Creek,Barriers,0,0,NA
steelhead,33,Upland_Pilchuck_Creek,Beaver,0,0,NA
steelhead,33,Upland_Pilchuck_Creek,Current,0,0,NA
steelhead,33,Upland_Pilchuck_Creek,Fine_sediment,0,0,NA
steelhead,33,Upland_Pilchuck_Creek,Floodplain,0,0,NA
steelhead,33,Upland_Pilchuck_Creek,LR,0,0,NA
steelhead,33,Upland_Pilchuck_Creek,Shade,0,0,NA
steelhead,33,Upland_Pilchuck_Creek,Wood,0,0,NA
steelhead,34,Upper_Upland_Upper_North_Fk_Stillaguamish,Barriers,0,0,NA
steelhead,34,Upper_Upland_Upper_North_Fk_Stillaguamish,Beaver,0,0,NA
steelhead,34,Upper_Upland_Upper_North_Fk_Stillaguamish,Current,0,0,NA
steelhead,34,Upper_Upland_Upper_North_Fk_Stillaguamish,Fine_sediment,0,0,NA
steelhead,34,Upper_Upland_Upper_North_Fk_Stillaguamish,Floodplain,0,0,NA
steelhead,34,Upper_Upland_Upper_North_Fk_Stillaguamish,LR,0,0,NA
steelhead,34,Upper_Upland_Upper_North_Fk_Stillaguamish,Shade,0,0,NA
steelhead,34,Upper_Upland_Upper_North_Fk_Stillaguamish,Wood,0,0,NA